{"stats":{"minecraft:broken":{"minecraft:iron_boots":1,"minecraft:golden_shovel":3,"minecraft:wooden_axe":1,"minecraft:golden_axe":1,"minecraft:iron_axe":1,"minecraft:iron_pickaxe":1,"minecraft:iron_helmet":1},"minecraft:mined":{"minecraft:white_bed":7,"minecraft:sculk_vein":73,"minecraft:spruce_trapdoor":1,"minecraft:obsidian":18,"minecraft:granite":15,"minecraft:grass_block":59,"minecraft:cracked_polished_blackstone_bricks":8,"minecraft:soul_soil":1,"minecraft:deepslate_tile_stairs":1,"minecraft:chiseled_tuff_bricks":5,"minecraft:tuff_bricks":18,"minecraft:spawner":2,"minecraft:polished_blackstone_bricks":67,"minecraft:magma_block":2,"minecraft:sculk_catalyst":3,"minecraft:glowstone":3,"minecraft:iron_ore":109,"minecraft:fire":60,"minecraft:cobbled_deepslate":9,"minecraft:polished_tuff":6,"minecraft:pumpkin":6,"minecraft:deepslate_lapis_ore":11,"minecraft:fletching_table":5,"minecraft:sculk_shrieker":15,"minecraft:flowering_azalea_leaves":2,"minecraft:dirt_path":3,"minecraft:polished_tuff_slab":3,"minecraft:azalea_leaves":4,"minecraft:spruce_slab":1,"minecraft:deepslate_redstone_ore":2,"minecraft:brown_mushroom":16,"minecraft:blackstone":74,"minecraft:kelp_plant":1,"minecraft:crimson_nylium":21,"minecraft:soul_fire":1,"minecraft:torch":3,"minecraft:poppy":5,"minecraft:chest":4,"minecraft:dead_bush":1,"minecraft:smooth_quartz_slab":1,"minecraft:cobblestone":27,"minecraft:oak_planks":15,"minecraft:sugar_cane":15,"minecraft:wall_torch":5,"minecraft:red_candle":3,"minecraft:nether_wart_block":5,"minecraft:birch_log":34,"minecraft:wheat":10,"minecraft:waxed_copper_block":3,"minecraft:oak_log":107,"minecraft:sand":31,"minecraft:dirt":77,"minecraft:red_mushroom_block":9,"minecraft:netherrack":399,"minecraft:oak_leaves":45,"minecraft:deepslate":321,"minecraft:crying_obsidian":1,"minecraft:tuff":39,"minecraft:deepslate_diamond_ore":49,"minecraft:oak_door":1,"minecraft:glow_lichen":2,"minecraft:decorated_pot":4,"minecraft:crimson_roots":4,"minecraft:weeping_vines":1,"minecraft:birch_slab":2,"minecraft:spruce_leaves":73,"minecraft:sandstone":17,"minecraft:large_fern":10,"minecraft:oxidized_cut_copper":1,"minecraft:furnace":2,"minecraft:carrots":42,"minecraft:waxed_copper_grate":3,"minecraft:andesite":28,"minecraft:gold_block":16,"minecraft:potatoes":33,"minecraft:deepslate_iron_ore":31,"minecraft:stone":420,"minecraft:soul_sand":1,"minecraft:basalt":45,"minecraft:soul_torch":1,"minecraft:oak_fence":2,"minecraft:crafting_table":10,"minecraft:short_grass":32,"minecraft:emerald_ore":3,"minecraft:rose_bush":1,"minecraft:sculk_sensor":26,"minecraft:copper_ore":4,"minecraft:tall_grass":4,"minecraft:polished_blackstone_brick_stairs":2,"minecraft:sculk":483,"minecraft:diorite":17,"minecraft:gray_wool":2,"minecraft:birch_planks":47,"minecraft:waxed_oxidized_copper_grate":7,"minecraft:sweet_berry_bush":6,"minecraft:ice":47,"minecraft:spruce_log":155,"minecraft:birch_leaves":6,"minecraft:coal_ore":121,"minecraft:gravel":100,"minecraft:dripstone_block":1,"minecraft:cobweb":28,"minecraft:fern":2},"minecraft:killed_by":{"minecraft:zombie_villager":1,"minecraft:piglin_brute":1,"minecraft:zombified_piglin":1,"minecraft:creeper":6,"minecraft:pillager":2,"minecraft:drowned":1,"minecraft:bogged":2,"minecraft:vindicator":5,"minecraft:cave_spider":3,"minecraft:zombie":11,"minecraft:vex":9,"minecraft:player":5,"minecraft:enderman":1,"minecraft:warden":1,"minecraft:skeleton":19,"minecraft:breeze":1},"minecraft:custom":{"minecraft:interact_with_crafting_table":108,"minecraft:open_barrel":8,"minecraft:bell_ring":68,"minecraft:eat_cake_slice":10,"minecraft:leave_game":17,"minecraft:time_since_death":13454,"minecraft:sprint_one_cm":3365063,"minecraft:damage_blocked_by_shield":2043,"minecraft:drop":201,"minecraft:talked_to_villager":113,"minecraft:play_time":891765,"minecraft:deaths":73,"minecraft:jump":19445,"minecraft:interact_with_brewingstand":2,"minecraft:walk_on_water_one_cm":182349,"minecraft:interact_with_furnace":154,"minecraft:play_record":14,"minecraft:traded_with_villager":262,"minecraft:sleep_in_bed":21,"minecraft:damage_dealt":45342,"minecraft:player_kills":3,"minecraft:crouch_one_cm":334940,"minecraft:inspect_dispenser":7,"minecraft:interact_with_smithing_table":1,"minecraft:interact_with_anvil":1,"minecraft:mob_kills":322,"minecraft:inspect_hopper":1,"minecraft:climb_one_cm":18380,"minecraft:walk_one_cm":1865749,"minecraft:raid_win":2,"minecraft:sneak_time":83804,"minecraft:walk_under_water_one_cm":140391,"minecraft:boat_one_cm":1038027,"minecraft:total_world_time":891765,"minecraft:raid_trigger":1,"minecraft:interact_with_stonecutter":1,"minecraft:time_since_rest":5135,"minecraft:damage_absorbed":80,"minecraft:damage_taken":33752,"minecraft:swim_one_cm":298085,"minecraft:fly_one_cm":4384276,"minecraft:open_chest":549,"minecraft:fall_one_cm":632327},"minecraft:used":{"minecraft:tuff_bricks":20,"minecraft:spruce_slab":1,"minecraft:poppy":1,"minecraft:diamond_hoe":603,"minecraft:chest":13,"minecraft:shield":44,"minecraft:iron_sword":327,"minecraft:rotten_flesh":7,"minecraft:iron_chestplate":2,"minecraft:mutton":5,"minecraft:carrot":46,"minecraft:tuff":1,"minecraft:obsidian":14,"minecraft:honey_bottle":4,"minecraft:waxed_oxidized_copper_grate":1,"minecraft:lava_bucket":13,"minecraft:iron_helmet":4,"minecraft:bow":232,"minecraft:sweet_berries":38,"minecraft:ominous_bottle":2,"minecraft:furnace":7,"minecraft:potato":57,"minecraft:golden_boots":3,"minecraft:leather_leggings":1,"minecraft:spruce_door":5,"minecraft:oak_planks":33,"minecraft:stone_pickaxe":156,"minecraft:ender_pearl":1,"minecraft:wooden_pickaxe":49,"minecraft:sandstone":13,"minecraft:diamond_axe":238,"minecraft:white_wool":1,"minecraft:glow_berries":3,"minecraft:sand":4,"minecraft:mushroom_stew":3,"minecraft:lingering_potion":1,"minecraft:polished_tuff":4,"minecraft:crying_obsidian":1,"minecraft:birch_slab":6,"minecraft:bread":15,"minecraft:bone":1,"minecraft:gravel":85,"minecraft:chiseled_tuff_bricks":5,"minecraft:diamond_sword":177,"minecraft:andesite":1,"minecraft:oak_boat":3,"minecraft:bone_meal":15,"minecraft:experience_bottle":74,"minecraft:oak_fence":6,"minecraft:netherite_sword":26,"minecraft:flint_and_steel":80,"minecraft:stone_shovel":64,"minecraft:cooked_salmon":6,"minecraft:wooden_shovel":12,"minecraft:trial_key":3,"minecraft:stone_hoe":5,"minecraft:netherrack":300,"minecraft:oak_door":2,"minecraft:torch":88,"minecraft:dirt":128,"minecraft:diamond_helmet":1,"minecraft:golden_shovel":84,"minecraft:granite":7,"minecraft:wooden_axe":44,"minecraft:iron_axe":409,"minecraft:polished_blackstone_brick_stairs":2,"minecraft:iron_boots":7,"minecraft:totem_of_undying":3,"minecraft:diamond_chestplate":5,"minecraft:basalt":4,"minecraft:golden_carrot":37,"minecraft:beef":8,"minecraft:cooked_beef":54,"minecraft:cobbled_deepslate":88,"minecraft:golden_axe":29,"minecraft:iron_leggings":2,"minecraft:cooked_mutton":48,"minecraft:water_bucket":93,"minecraft:birch_planks":66,"minecraft:birch_boat":27,"minecraft:baked_potato":24,"minecraft:fletching_table":6,"minecraft:waxed_copper_block":3,"minecraft:polished_blackstone_bricks":49,"minecraft:salmon":7,"minecraft:crafting_table":15,"minecraft:white_bed":8,"minecraft:cake":1,"minecraft:diamond_pickaxe":951,"minecraft:ominous_trial_key":4,"minecraft:diamond_shovel":35,"minecraft:wind_charge":46,"minecraft:chicken":2,"minecraft:iron_pickaxe":840,"minecraft:map":1,"minecraft:suspicious_stew":1,"minecraft:stone_axe":162,"minecraft:cobblestone":166,"minecraft:porkchop":9,"minecraft:cooked_porkchop":25,"minecraft:bucket":105,"minecraft:diamond_leggings":6,"minecraft:jukebox":1,"minecraft:soul_torch":5},"minecraft:crafted":{"minecraft:oak_planks":448,"minecraft:birch_boat":5,"minecraft:birch_slab":6,"minecraft:diamond_shovel":1,"minecraft:cooked_mutton":41,"minecraft:mace":1,"minecraft:diamond_helmet":1,"minecraft:bow":11,"minecraft:diamond_leggings":1,"minecraft:iron_boots":2,"minecraft:tipped_arrow":10,"minecraft:chest":7,"minecraft:stone_hoe":1,"minecraft:golden_boots":1,"minecraft:wooden_shovel":1,"minecraft:arrow":208,"minecraft:emerald":220,"minecraft:cooked_porkchop":34,"minecraft:diamond_axe":3,"minecraft:crafting_table":12,"minecraft:spruce_planks":532,"minecraft:wooden_pickaxe":3,"minecraft:baked_potato":51,"minecraft:spruce_door":3,"minecraft:fletching_table":1,"minecraft:birch_planks":128,"minecraft:iron_chestplate":3,"minecraft:diamond_pickaxe":5,"minecraft:shield":6,"minecraft:stick":1580,"minecraft:iron_ingot":186,"minecraft:iron_pickaxe":3,"minecraft:gold_ingot":227,"minecraft:polished_blackstone_brick_stairs":4,"minecraft:netherite_ingot":1,"minecraft:golden_carrot":67,"minecraft:oak_door":3,"minecraft:stone_shovel":1,"minecraft:jukebox":1,"minecraft:wind_charge":16,"minecraft:furnace":3,"minecraft:mushroom_stew":5,"minecraft:bone_meal":18,"minecraft:flint_and_steel":1,"minecraft:iron_axe":3,"minecraft:stone_pickaxe":2,"minecraft:netherite_scrap":2,"minecraft:dark_oak_planks":24,"minecraft:cooked_beef":47,"minecraft:crossbow":10,"minecraft:diamond_sword":1,"minecraft:iron_sword":1,"minecraft:bowl":4,"minecraft:bucket":2,"minecraft:stone_axe":1,"minecraft:air":0,"minecraft:bread":3,"minecraft:oak_boat":1,"minecraft:gold_nugget":945,"minecraft:wooden_axe":2,"minecraft:iron_leggings":2,"minecraft:white_bed":2,"minecraft:torch":108,"minecraft:diamond_chestplate":1},"minecraft:dropped":{"minecraft:soul_sand":1,"minecraft:birch_planks":55,"minecraft:diamond_axe":2,"minecraft:ominous_bottle":1,"minecraft:cooked_beef":5,"minecraft:glass_bottle":2,"minecraft:diamond":41,"minecraft:crafting_table":5,"minecraft:decorated_pot":1,"minecraft:crossbow":1,"minecraft:netherite_upgrade_smithing_template":2,"minecraft:leather":7,"minecraft:chest_minecart":1,"minecraft:saddle":1,"minecraft:light_weighted_pressure_plate":1,"minecraft:emerald":1,"minecraft:dirt":17,"minecraft:polished_blackstone_brick_stairs":1,"minecraft:mutton":5,"minecraft:crimson_roots":5,"minecraft:music_disc_precipice":1,"minecraft:wooden_sword":1,"minecraft:bone_meal":3,"minecraft:sand":10,"minecraft:polished_blackstone_bricks":2,"minecraft:iron_pickaxe":1,"minecraft:white_wool":22,"minecraft:gravel":1,"minecraft:stone_axe":1,"minecraft:blackstone":15,"minecraft:sugar_cane":5,"minecraft:cobbled_deepslate":28,"minecraft:wheat":2,"minecraft:birch_sapling":7,"minecraft:pointed_dripstone":2,"minecraft:rotten_flesh":73,"minecraft:oak_planks":2,"minecraft:diamond_shovel":1,"minecraft:glowstone_dust":2,"minecraft:cooked_mutton":3,"minecraft:white_bed":1,"minecraft:wind_charge":62,"minecraft:poppy":8,"minecraft:tipped_arrow":14,"minecraft:red_candle":10,"minecraft:melon_seeds":4,"minecraft:leather_leggings":1,"minecraft:breeze_rod":2,"minecraft:basalt":34,"minecraft:arrow":2,"minecraft:water_bucket":1,"minecraft:enchanted_book":1,"minecraft:iron_ingot":2,"minecraft:black_dye":2,"minecraft:wheat_seeds":10,"minecraft:dripstone_block":8,"minecraft:deepslate_diamond_ore":23,"minecraft:feather":4,"minecraft:cobblestone":37,"minecraft:waxed_copper_grate":1,"minecraft:polished_tuff":1,"minecraft:granite":16,"minecraft:ominous_trial_key":7,"minecraft:coal":46,"minecraft:mushroom_stew":2,"minecraft:flow_armor_trim_smithing_template":1,"minecraft:stick":29,"minecraft:diorite":10,"minecraft:golden_carrot":1,"minecraft:torch":12,"minecraft:wooden_axe":2,"minecraft:nether_wart_block":3,"minecraft:iron_leggings":1,"minecraft:string":42,"minecraft:bucket":1,"minecraft:spruce_sapling":1,"minecraft:redstone":27,"minecraft:furnace":3,"minecraft:soul_soil":1,"minecraft:soul_torch":20,"minecraft:raw_copper":16,"minecraft:polished_tuff_slab":3,"minecraft:bowl":2,"minecraft:deepslate":128,"minecraft:tuff":69,"minecraft:diamond_hoe":1,"minecraft:raw_iron":13,"minecraft:totem_of_undying":2,"minecraft:flint_and_steel":1,"minecraft:filled_map":1,"minecraft:potato":33,"minecraft:shield":2,"minecraft:flower_pot":2,"minecraft:diamond_pickaxe":1,"minecraft:andesite":8,"minecraft:oak_sapling":9,"minecraft:wooden_shovel":2,"minecraft:spider_eye":4,"minecraft:birch_boat":1,"minecraft:bow":3,"minecraft:stone_pickaxe":1,"minecraft:wooden_pickaxe":3,"minecraft:black_wool":1,"minecraft:brick":3},"minecraft:picked_up":{"minecraft:wooden_axe":3,"minecraft:iron_chestplate":23,"minecraft:wheat":51,"minecraft:flower_pot":16,"minecraft:suspicious_stew":2,"minecraft:diamond_sword":23,"minecraft:enchanted_book":31,"minecraft:potion":3,"minecraft:golden_shovel":2,"minecraft:gilded_blackstone":1,"minecraft:music_disc_cat":4,"minecraft:polished_blackstone_brick_stairs":1,"minecraft:string":324,"minecraft:soul_soil":1,"minecraft:raw_copper":16,"minecraft:cooked_salmon":6,"minecraft:iron_leggings":16,"minecraft:red_candle":78,"minecraft:netherite_ingot":1,"minecraft:experience_bottle":2,"minecraft:diamond_leggings":27,"minecraft:gold_nugget":67,"minecraft:cobbled_deepslate":464,"minecraft:bucket":4,"minecraft:spruce_planks":16,"minecraft:trial_key":6,"minecraft:netherite_upgrade_smithing_template":6,"minecraft:wooden_shovel":2,"minecraft:iron_pickaxe":25,"minecraft:enchanted_golden_apple":6,"minecraft:iron_boots":30,"minecraft:furnace":10,"minecraft:tipped_arrow":550,"minecraft:stick":121,"minecraft:oak_fence":8,"minecraft:torch":544,"minecraft:porkchop":101,"minecraft:golden_axe":3,"minecraft:pointed_dripstone":14,"minecraft:diorite":48,"minecraft:waxed_copper_grate":12,"minecraft:music_disc_pigstep":7,"minecraft:black_dye":4,"minecraft:honey_bottle":3,"minecraft:rotten_flesh":359,"minecraft:iron_block":31,"minecraft:obsidian":45,"minecraft:cobblestone":708,"minecraft:birch_log":37,"minecraft:leather_chestplate":4,"minecraft:feather":39,"minecraft:cooked_beef":87,"minecraft:magma_cream":11,"minecraft:water_bucket":41,"minecraft:birch_slab":42,"minecraft:andesite":35,"minecraft:potato":140,"minecraft:flint":8,"minecraft:tuff":117,"minecraft:lapis_lazuli":240,"minecraft:dirt":522,"minecraft:disc_fragment_5":4,"minecraft:name_tag":2,"minecraft:bone":300,"minecraft:bow":65,"minecraft:wheat_seeds":53,"minecraft:bolt_armor_trim_smithing_template":4,"minecraft:fletching_table":5,"minecraft:diamond_helmet":11,"minecraft:glowstone_dust":57,"minecraft:oak_planks":400,"minecraft:stone_hoe":14,"minecraft:cooked_porkchop":82,"minecraft:poisonous_potato":24,"minecraft:sand":172,"minecraft:grass_block":8,"minecraft:spectral_arrow":12,"minecraft:dark_oak_log":12,"minecraft:snout_armor_trim_smithing_template":8,"minecraft:deepslate":129,"minecraft:diamond":236,"minecraft:waxed_oxidized_copper_grate":34,"minecraft:breeze_rod":42,"minecraft:crossbow":12,"minecraft:granite":23,"minecraft:bone_meal":3,"minecraft:golden_apple":9,"minecraft:emerald":497,"minecraft:golden_horse_armor":3,"minecraft:bread":127,"minecraft:music_disc_precipice":10,"minecraft:piglin_banner_pattern":4,"minecraft:oak_sapling":20,"minecraft:netherrack":590,"minecraft:ominous_trial_key":25,"minecraft:crimson_roots":9,"minecraft:diamond_pickaxe":21,"minecraft:crafting_table":21,"minecraft:ominous_bottle":12,"minecraft:chicken":6,"minecraft:chest_minecart":3,"minecraft:golden_pickaxe":1,"minecraft:leather_leggings":8,"minecraft:brown_mushroom":14,"minecraft:wooden_pickaxe":12,"minecraft:gold_block":32,"minecraft:music_disc_creator":14,"minecraft:diamond_horse_armor":3,"minecraft:shield":36,"minecraft:brick":65,"minecraft:wind_charge":258,"minecraft:flow_banner_pattern":7,"minecraft:iron_axe":17,"minecraft:wooden_sword":1,"minecraft:flint_and_steel":17,"minecraft:netherite_scrap":3,"minecraft:compass":1,"minecraft:blackstone":184,"minecraft:deepslate_diamond_ore":23,"minecraft:music_disc_otherside":4,"minecraft:beef":102,"minecraft:oak_boat":5,"minecraft:iron_nugget":36,"minecraft:poppy":38,"minecraft:spruce_slab":1,"minecraft:sugar_cane":65,"minecraft:chest":8,"minecraft:birch_sapling":11,"minecraft:egg":2,"minecraft:spruce_trapdoor":2,"minecraft:diamond_hoe":16,"minecraft:raw_iron":227,"minecraft:sandstone":31,"minecraft:stone":198,"minecraft:oak_door":13,"minecraft:bowl":3,"minecraft:fire_charge":1,"minecraft:polished_blackstone_bricks":116,"minecraft:cake":4,"minecraft:carrot":306,"minecraft:redstone":113,"minecraft:tnt":6,"minecraft:arrow":3489,"minecraft:stone_shovel":9,"minecraft:diamond_chestplate":13,"minecraft:decorated_pot":3,"minecraft:gold_ingot":67,"minecraft:saddle":32,"minecraft:flow_armor_trim_smithing_template":12,"minecraft:totem_of_undying":20,"minecraft:tuff_bricks":20,"minecraft:mutton":67,"minecraft:white_wool":209,"minecraft:rail":4,"minecraft:basalt":74,"minecraft:golden_carrot":291,"minecraft:salmon":12,"minecraft:leather":63,"minecraft:birch_planks":153,"minecraft:filled_map":1,"minecraft:mushroom_stew":1,"minecraft:oak_log":118,"minecraft:waxed_copper_block":10,"minecraft:lily_pad":10,"minecraft:ancient_debris":3,"minecraft:golden_boots":6,"minecraft:nether_wart_block":13,"minecraft:gunpowder":18,"minecraft:paper":69,"minecraft:white_banner":30,"minecraft:cooked_mutton":165,"minecraft:coast_armor_trim_smithing_template":6,"minecraft:heart_of_the_sea":2,"minecraft:iron_ingot":164,"minecraft:stone_pickaxe":15,"minecraft:polished_tuff_slab":41,"minecraft:glass_bottle":14,"minecraft:iron_sword":22,"minecraft:soul_sand":1,"minecraft:sculk_catalyst":1,"minecraft:emerald_block":3,"minecraft:birch_boat":27,"minecraft:pumpkin":12,"minecraft:sweet_berries":38,"minecraft:dripstone_block":30,"minecraft:gravel":118,"minecraft:lava_bucket":7,"minecraft:soul_torch":48,"minecraft:spruce_sapling":31,"minecraft:white_bed":11,"minecraft:spruce_log":172,"minecraft:crying_obsidian":13,"minecraft:spider_eye":29,"minecraft:spruce_door":2,"minecraft:polished_tuff":21,"minecraft:diamond_shovel":18,"minecraft:slime_ball":131,"minecraft:stone_axe":10,"minecraft:iron_helmet":30,"minecraft:diamond_axe":39,"minecraft:gray_wool":1,"minecraft:black_wool":6,"minecraft:baked_potato":300,"minecraft:melon_seeds":8,"minecraft:coal":410,"minecraft:chiseled_tuff_bricks":7,"minecraft:ender_pearl":2},"minecraft:killed":{"minecraft:cave_spider":10,"minecraft:witch":5,"minecraft:spider":7,"minecraft:skeleton":33,"minecraft:chicken":4,"minecraft:piglin_brute":3,"minecraft:piglin":6,"minecraft:pig":38,"minecraft:zombie_villager":1,"minecraft:salmon":7,"minecraft:creeper":2,"minecraft:sheep":35,"minecraft:pillager":21,"minecraft:zombie":64,"minecraft:cow":23,"minecraft:evoker":4,"minecraft:vex":1,"minecraft:bogged":4,"minecraft:vindicator":20,"minecraft:slime":8,"minecraft:phantom":2,"minecraft:drowned":3,"minecraft:warden":1,"minecraft:ravager":2,"minecraft:hoglin":2,"minecraft:breeze":5,"minecraft:enderman":3}},"DataVersion":3953}