{"stats":{"minecraft:killed":{"minecraft:sheep":3,"minecraft:zombie":2,"minecraft:pig":1,"minecraft:chicken":6},"minecraft:picked_up":{"minecraft:birch_log":8,"minecraft:crafting_table":2,"minecraft:feather":9,"minecraft:chicken":6,"minecraft:birch_boat":1,"minecraft:birch_planks":6,"minecraft:porkchop":3,"minecraft:sand":1,"minecraft:oak_log":6,"minecraft:rotten_flesh":3,"minecraft:mutton":5,"minecraft:coal":17,"minecraft:white_wool":4,"minecraft:cobblestone":14,"minecraft:egg":5},"minecraft:mined":{"minecraft:birch_planks":6,"minecraft:birch_log":8,"minecraft:crafting_table":2,"minecraft:short_grass":2,"minecraft:coal_ore":17,"minecraft:oak_log":6,"minecraft:sand":1,"minecraft:mushroom_stem":1,"minecraft:stone":14},"minecraft:used":{"minecraft:oak_log":1,"minecraft:wooden_axe":19,"minecraft:birch_planks":6,"minecraft:wooden_pickaxe":31,"minecraft:birch_boat":1,"minecraft:wooden_sword":15,"minecraft:sand":1,"minecraft:crafting_table":3},"minecraft:killed_by":{"minecraft:skeleton":2,"minecraft:creeper":1},"minecraft:crafted":{"minecraft:wooden_sword":1,"minecraft:wooden_shovel":1,"minecraft:crafting_table":2,"minecraft:stick":8,"minecraft:birch_boat":1,"minecraft:wooden_pickaxe":1,"minecraft:wooden_axe":1,"minecraft:birch_planks":32},"minecraft:custom":{"minecraft:time_since_rest":266,"minecraft:sprint_one_cm":16016,"minecraft:damage_taken":861,"minecraft:walk_one_cm":219527,"minecraft:mob_kills":12,"minecraft:damage_dealt":847,"minecraft:swim_one_cm":4957,"minecraft:interact_with_crafting_table":4,"minecraft:fly_one_cm":3464,"minecraft:open_chest":2,"minecraft:crouch_one_cm":648,"minecraft:play_time":32450,"minecraft:deaths":3,"minecraft:sneak_time":426,"minecraft:walk_under_water_one_cm":3316,"minecraft:boat_one_cm":193146,"minecraft:jump":405,"minecraft:leave_game":3,"minecraft:walk_on_water_one_cm":26080,"minecraft:time_since_death":148,"minecraft:total_world_time":32450,"minecraft:fall_one_cm":9110}},"DataVersion":3953}