{"stats":{"minecraft:used":{"minecraft:cherry_sapling":9,"minecraft:spruce_slab":91,"minecraft:chest":6,"minecraft:shield":35,"minecraft:iron_sword":21,"minecraft:rotten_flesh":25,"minecraft:iron_chestplate":1,"minecraft:carrot":20,"minecraft:azure_bluet":2,"minecraft:snowball":4,"minecraft:obsidian":3,"minecraft:spruce_boat":9,"minecraft:jungle_sapling":4,"minecraft:lava_bucket":1,"minecraft:birch_sapling":4,"minecraft:iron_helmet":5,"minecraft:bow":218,"minecraft:hay_block":3,"minecraft:furnace":5,"minecraft:oak_sapling":2,"minecraft:cooked_cod":4,"minecraft:egg":1,"minecraft:potato":58,"minecraft:diorite":8,"minecraft:stone_pickaxe":1242,"minecraft:oak_planks":44,"minecraft:wooden_pickaxe":79,"minecraft:diamond_axe":285,"minecraft:sugar_cane":3,"minecraft:birch_slab":2,"minecraft:bread":29,"minecraft:birch_log":13,"minecraft:andesite":7,"minecraft:oak_boat":1,"minecraft:bone_meal":13,"minecraft:stone_sword":21,"minecraft:stone_shovel":570,"minecraft:spruce_planks":385,"minecraft:stone_hoe":23,"minecraft:torch":222,"minecraft:dirt":522,"minecraft:spruce_fence":42,"minecraft:granite":3,"minecraft:iron_axe":58,"minecraft:iron_boots":1,"minecraft:cobbled_deepslate":9,"minecraft:wheat_seeds":263,"minecraft:cooked_mutton":7,"minecraft:water_bucket":63,"minecraft:cobblestone_stairs":72,"minecraft:birch_planks":3,"minecraft:baked_potato":41,"minecraft:spruce_sign":23,"minecraft:spruce_fence_gate":2,"minecraft:oak_slab":7,"minecraft:crafting_table":12,"minecraft:campfire":3,"minecraft:spruce_log":59,"minecraft:wooden_hoe":51,"minecraft:cornflower":2,"minecraft:wind_charge":6,"minecraft:iron_pickaxe":137,"minecraft:spruce_sapling":25,"minecraft:stone_axe":389,"minecraft:cobblestone":375,"minecraft:bucket":66},"minecraft:crafted":{"minecraft:oak_planks":44,"minecraft:cobblestone_stairs":68,"minecraft:cooked_mutton":30,"minecraft:iron_boots":1,"minecraft:chest":4,"minecraft:stone_hoe":1,"minecraft:oak_slab":12,"minecraft:diamond_axe":1,"minecraft:crafting_table":6,"minecraft:spruce_planks":780,"minecraft:baked_potato":63,"minecraft:wooden_pickaxe":2,"minecraft:iron_helmet":1,"minecraft:birch_planks":28,"minecraft:iron_chestplate":1,"minecraft:wooden_hoe":1,"minecraft:charcoal":32,"minecraft:shield":1,"minecraft:stick":196,"minecraft:iron_ingot":55,"minecraft:iron_pickaxe":3,"minecraft:stone_sword":1,"minecraft:spruce_fence_gate":2,"minecraft:stone_shovel":6,"minecraft:furnace":3,"minecraft:spruce_fence":48,"minecraft:spruce_slab":90,"minecraft:stone_pickaxe":14,"minecraft:spruce_boat":2,"minecraft:cooked_beef":3,"minecraft:cooked_cod":4,"minecraft:spruce_sign":33,"minecraft:iron_sword":1,"minecraft:bucket":2,"minecraft:stone_axe":5,"minecraft:bread":43,"minecraft:air":0,"minecraft:jungle_planks":16,"minecraft:iron_leggings":1,"minecraft:white_bed":2,"minecraft:torch":160},"minecraft:mined":{"minecraft:spruce_planks":30,"minecraft:oak_sapling":1,"minecraft:cobblestone_stairs":4,"minecraft:sculk_vein":1,"minecraft:cherry_log":18,"minecraft:jungle_leaves":6,"minecraft:granite":43,"minecraft:grass_block":258,"minecraft:jungle_log":89,"minecraft:iron_ore":52,"minecraft:cobbled_deepslate":3,"minecraft:pumpkin":6,"minecraft:deepslate_lapis_ore":1,"minecraft:azure_bluet":6,"minecraft:spruce_slab":2,"minecraft:deepslate_redstone_ore":8,"minecraft:torch":40,"minecraft:poppy":2,"minecraft:chest":2,"minecraft:spruce_wall_sign":4,"minecraft:cobblestone":22,"minecraft:sugar_cane":20,"minecraft:oak_planks":8,"minecraft:wall_torch":60,"minecraft:spruce_sign":2,"minecraft:seagrass":2,"minecraft:birch_log":29,"minecraft:wheat":205,"minecraft:oak_log":28,"minecraft:sand":118,"minecraft:dirt":184,"minecraft:oak_leaves":10,"minecraft:deepslate":34,"minecraft:diamond_ore":1,"minecraft:deepslate_diamond_ore":5,"minecraft:glow_lichen":1,"minecraft:spruce_fence":15,"minecraft:birch_slab":2,"minecraft:spruce_leaves":79,"minecraft:large_fern":1,"minecraft:furnace":5,"minecraft:carrots":17,"minecraft:andesite":34,"minecraft:gold_block":1,"minecraft:potatoes":36,"minecraft:deepslate_iron_ore":26,"minecraft:bamboo":4,"minecraft:stone":918,"minecraft:snow_block":1,"minecraft:dandelion":1,"minecraft:crafting_table":8,"minecraft:cornflower":3,"minecraft:short_grass":67,"minecraft:copper_ore":13,"minecraft:tall_grass":1,"minecraft:lapis_ore":5,"minecraft:deepslate_gold_ore":5,"minecraft:diorite":34,"minecraft:birch_planks":4,"minecraft:white_carpet":1,"minecraft:spruce_log":283,"minecraft:birch_leaves":11,"minecraft:coal_ore":172,"minecraft:cherry_leaves":70,"minecraft:dripstone_block":2,"minecraft:gravel":46,"minecraft:gold_ore":2,"minecraft:fern":3},"minecraft:broken":{"minecraft:stone_pickaxe":7,"minecraft:stone_axe":2,"minecraft:stone_shovel":2,"minecraft:wooden_pickaxe":1},"minecraft:killed":{"minecraft:witch":1,"minecraft:spider":5,"minecraft:skeleton":8,"minecraft:pig":2,"minecraft:iron_golem":5,"minecraft:creeper":3,"minecraft:sheep":14,"minecraft:pillager":5,"minecraft:zombie":18,"minecraft:vex":2,"minecraft:vindicator":5,"minecraft:phantom":2,"minecraft:drowned":1},"minecraft:dropped":{"minecraft:diamond_axe":2,"minecraft:oak_log":5,"minecraft:baked_potato":9,"minecraft:glass_bottle":1,"minecraft:diamond":5,"minecraft:saddle":1,"minecraft:emerald":33,"minecraft:dirt":16,"minecraft:fishing_rod":1,"minecraft:bone":5,"minecraft:gravel":1,"minecraft:stone_axe":2,"minecraft:rotten_flesh":10,"minecraft:azure_bluet":39,"minecraft:poppy":2,"minecraft:gunpowder":1,"minecraft:breeze_rod":4,"minecraft:enchanted_book":1,"minecraft:wheat_seeds":262,"minecraft:dripstone_block":2,"minecraft:cobblestone":43,"minecraft:lead":3,"minecraft:granite":31,"minecraft:coal":16,"minecraft:oxeye_daisy":1,"minecraft:diorite":26,"minecraft:golden_carrot":1,"minecraft:flow_banner_pattern":1,"minecraft:dandelion":1,"minecraft:redstone":14,"minecraft:pink_tulip":2,"minecraft:iron_boots":1,"minecraft:diamond_sword":1,"minecraft:spruce_planks":14,"minecraft:andesite":16,"minecraft:oak_boat":1,"minecraft:stone_pickaxe":3},"minecraft:custom":{"minecraft:animals_bred":21,"minecraft:interact_with_crafting_table":48,"minecraft:leave_game":8,"minecraft:time_since_death":6248,"minecraft:sprint_one_cm":1112388,"minecraft:damage_blocked_by_shield":1810,"minecraft:drop":73,"minecraft:talked_to_villager":10,"minecraft:play_time":434818,"minecraft:deaths":22,"minecraft:jump":5253,"minecraft:walk_on_water_one_cm":63374,"minecraft:interact_with_furnace":73,"minecraft:interact_with_loom":1,"minecraft:damage_dealt":8599,"minecraft:player_kills":1,"minecraft:crouch_one_cm":85985,"minecraft:interact_with_smoker":1,"minecraft:mob_kills":72,"minecraft:climb_one_cm":4174,"minecraft:walk_one_cm":1479743,"minecraft:raid_win":1,"minecraft:sneak_time":33094,"minecraft:walk_under_water_one_cm":105797,"minecraft:boat_one_cm":452505,"minecraft:total_world_time":434818,"minecraft:time_since_rest":6289,"minecraft:damage_taken":10685,"minecraft:swim_one_cm":333,"minecraft:fly_one_cm":581384,"minecraft:open_chest":118,"minecraft:fall_one_cm":109625},"minecraft:killed_by":{"minecraft:creeper":1,"minecraft:pillager":2,"minecraft:vindicator":3,"minecraft:zombie":3,"minecraft:vex":8,"minecraft:player":1,"minecraft:skeleton":4},"minecraft:picked_up":{"minecraft:iron_chestplate":2,"minecraft:wheat":232,"minecraft:lead":24,"minecraft:diamond_sword":2,"minecraft:enchanted_book":4,"minecraft:string":6,"minecraft:raw_copper":126,"minecraft:iron_leggings":5,"minecraft:cobbled_deepslate":486,"minecraft:bucket":1,"minecraft:spruce_planks":103,"minecraft:iron_pickaxe":13,"minecraft:iron_boots":2,"minecraft:furnace":11,"minecraft:stick":702,"minecraft:torch":221,"minecraft:porkchop":4,"minecraft:cherry_log":36,"minecraft:diorite":42,"minecraft:stone_sword":1,"minecraft:rotten_flesh":56,"minecraft:snowball":4,"minecraft:cobblestone":1158,"minecraft:birch_log":35,"minecraft:andesite":115,"minecraft:water_bucket":7,"minecraft:birch_slab":2,"minecraft:jungle_log":280,"minecraft:potato":124,"minecraft:flint":4,"minecraft:dirt":851,"minecraft:lapis_lazuli":39,"minecraft:bone":20,"minecraft:bow":14,"minecraft:wheat_seeds":672,"minecraft:raw_gold":7,"minecraft:bamboo":35,"minecraft:oak_planks":38,"minecraft:stone_hoe":4,"minecraft:poisonous_potato":1,"minecraft:sand":228,"minecraft:grass_block":4,"minecraft:sugar":8,"minecraft:diamond":11,"minecraft:spruce_boat":12,"minecraft:granite":133,"minecraft:crossbow":5,"minecraft:breeze_rod":12,"minecraft:bone_meal":13,"minecraft:spruce_sign":7,"minecraft:bread":57,"minecraft:emerald":69,"minecraft:oak_sapling":11,"minecraft:fishing_rod":4,"minecraft:charcoal":28,"minecraft:crafting_table":16,"minecraft:azure_bluet":155,"minecraft:wooden_pickaxe":2,"minecraft:gold_block":2,"minecraft:shield":10,"minecraft:wind_charge":6,"minecraft:cornflower":2,"minecraft:flow_banner_pattern":2,"minecraft:iron_axe":9,"minecraft:white_carpet":1,"minecraft:compass":1,"minecraft:beef":4,"minecraft:oak_boat":2,"minecraft:jungle_sapling":8,"minecraft:iron_nugget":15,"minecraft:poppy":10,"minecraft:spruce_slab":2,"minecraft:light_gray_wool":2,"minecraft:sugar_cane":25,"minecraft:chest":2,"minecraft:birch_sapling":8,"minecraft:egg":1,"minecraft:raw_iron":86,"minecraft:spruce_fence":39,"minecraft:fire_charge":1,"minecraft:carrot":122,"minecraft:redstone":119,"minecraft:cooked_cod":4,"minecraft:arrow":441,"minecraft:stone_shovel":18,"minecraft:hay_block":9,"minecraft:pink_tulip":2,"minecraft:saddle":1,"minecraft:totem_of_undying":3,"minecraft:mutton":36,"minecraft:white_wool":36,"minecraft:oxeye_daisy":3,"minecraft:golden_carrot":4,"minecraft:birch_planks":6,"minecraft:oak_log":38,"minecraft:gunpowder":5,"minecraft:cobblestone_stairs":79,"minecraft:wooden_hoe":2,"minecraft:white_banner":3,"minecraft:cooked_mutton":19,"minecraft:iron_ingot":42,"minecraft:stone_pickaxe":32,"minecraft:glass_bottle":14,"minecraft:iron_sword":6,"minecraft:oak_slab":10,"minecraft:pumpkin":5,"minecraft:dandelion":3,"minecraft:dripstone_block":2,"minecraft:gravel":47,"minecraft:lava_bucket":1,"minecraft:spruce_sapling":35,"minecraft:white_bed":6,"minecraft:spruce_log":583,"minecraft:spider_eye":1,"minecraft:campfire":4,"minecraft:stone_axe":7,"minecraft:iron_helmet":10,"minecraft:diamond_axe":6,"minecraft:cherry_sapling":17,"minecraft:baked_potato":96,"minecraft:coal":218}},"DataVersion":3953}