{"stats":{"minecraft:crafted":{"minecraft:wooden_sword":1,"minecraft:birch_planks":40,"minecraft:crafting_table":1,"minecraft:stick":4,"minecraft:wooden_axe":1},"minecraft:mined":{"minecraft:short_grass":5,"minecraft:birch_log":10,"minecraft:birch_leaves":4,"minecraft:crafting_table":1},"minecraft:killed_by":{"minecraft:player":4},"minecraft:used":{"minecraft:wooden_axe":13,"minecraft:crafting_table":1,"minecraft:egg":1},"minecraft:dropped":{"minecraft:stick":9},"minecraft:custom":{"minecraft:time_since_rest":2052,"minecraft:crouch_one_cm":196,"minecraft:play_time":11021,"minecraft:sprint_one_cm":41303,"minecraft:deaths":4,"minecraft:damage_taken":1056,"minecraft:walk_one_cm":45301,"minecraft:sneak_time":479,"minecraft:drop":1,"minecraft:jump":357,"minecraft:damage_dealt":852,"minecraft:leave_game":1,"minecraft:walk_on_water_one_cm":2164,"minecraft:time_since_death":2023,"minecraft:total_world_time":11021,"minecraft:player_kills":2,"minecraft:interact_with_crafting_table":1,"minecraft:fall_one_cm":9720,"minecraft:fly_one_cm":73203},"minecraft:picked_up":{"minecraft:wooden_axe":1,"minecraft:birch_log":11,"minecraft:wooden_sword":1,"minecraft:stick":9,"minecraft:rotten_flesh":2,"minecraft:birch_planks":1,"minecraft:lilac":1,"minecraft:birch_sapling":2,"minecraft:egg":2}},"DataVersion":3953}