{"stats":{"minecraft:used":{"minecraft:water_bucket":4,"minecraft:birch_planks":2,"minecraft:stone_pickaxe":131,"minecraft:wooden_pickaxe":10,"minecraft:diamond_axe":48,"minecraft:cooked_salmon":11,"minecraft:rotten_flesh":2,"minecraft:torch":34,"minecraft:dirt":18,"minecraft:sand":5,"minecraft:crafting_table":2,"minecraft:wind_charge":1,"minecraft:iron_pickaxe":24,"minecraft:stone_axe":11,"minecraft:cobblestone":39,"minecraft:bow":2,"minecraft:oak_sapling":1,"minecraft:furnace":1,"minecraft:bucket":5},"minecraft:crafted":{"minecraft:crafting_table":1,"minecraft:wooden_pickaxe":1,"minecraft:furnace":1,"minecraft:cooked_salmon":16,"minecraft:bucket":1,"minecraft:birch_planks":48,"minecraft:stone_axe":1,"minecraft:air":0,"minecraft:bow":1,"minecraft:stick":12,"minecraft:stone_pickaxe":1,"minecraft:torch":28},"minecraft:mined":{"minecraft:sculk_vein":2,"minecraft:crafting_table":1,"minecraft:torch":2,"minecraft:short_grass":1,"minecraft:grass_block":6,"minecraft:lapis_ore":3,"minecraft:wall_torch":3,"minecraft:birch_log":12,"minecraft:iron_ore":4,"minecraft:birch_leaves":3,"minecraft:bee_nest":1,"minecraft:pointed_dripstone":2,"minecraft:coal_ore":32,"minecraft:deepslate_iron_ore":6,"minecraft:dripstone_block":1,"minecraft:sand":5,"minecraft:dirt":10,"minecraft:stone":57,"minecraft:oak_leaves":5,"minecraft:deepslate":57},"minecraft:broken":{"minecraft:stone_pickaxe":1},"minecraft:killed":{"minecraft:zombie_villager":1,"minecraft:salmon":16,"minecraft:spider":1,"minecraft:skeleton":2,"minecraft:zombie":6,"minecraft:bee":1},"minecraft:dropped":{"minecraft:wheat_seeds":3,"minecraft:birch_sapling":1,"minecraft:rotten_flesh":4,"minecraft:coal":13,"minecraft:cooked_salmon":1,"minecraft:bone_meal":2},"minecraft:custom":{"minecraft:interact_with_furnace":11,"minecraft:mob_kills":28,"minecraft:interact_with_crafting_table":4,"minecraft:leave_game":2,"minecraft:time_since_death":42725,"minecraft:sleep_in_bed":1,"minecraft:time_since_rest":22091,"minecraft:sprint_one_cm":34440,"minecraft:damage_taken":1169,"minecraft:walk_one_cm":215988,"minecraft:drop":12,"minecraft:damage_dealt":2494,"minecraft:swim_one_cm":7607,"minecraft:fly_one_cm":37161,"minecraft:open_chest":5,"minecraft:crouch_one_cm":8301,"minecraft:play_time":51760,"minecraft:deaths":1,"minecraft:sneak_time":1821,"minecraft:walk_under_water_one_cm":15139,"minecraft:jump":514,"minecraft:walk_on_water_one_cm":13392,"minecraft:total_world_time":51760,"minecraft:fall_one_cm":13505},"minecraft:killed_by":{"minecraft:spider":1},"minecraft:picked_up":{"minecraft:birch_log":12,"minecraft:iron_chestplate":1,"minecraft:crafting_table":2,"minecraft:salmon":16,"minecraft:birch_planks":45,"minecraft:lapis_lazuli":22,"minecraft:dirt":32,"minecraft:cooked_salmon":1,"minecraft:iron_leggings":1,"minecraft:bone":3,"minecraft:bow":2,"minecraft:wheat_seeds":3,"minecraft:cobbled_deepslate":57,"minecraft:stone_pickaxe":1,"minecraft:iron_pickaxe":1,"minecraft:birch_sapling":1,"minecraft:iron_boots":1,"minecraft:tipped_arrow":18,"minecraft:raw_iron":10,"minecraft:stick":3,"minecraft:torch":8,"minecraft:dripstone_block":1,"minecraft:sand":5,"minecraft:pointed_dripstone":6,"minecraft:arrow":4,"minecraft:rotten_flesh":8,"minecraft:iron_helmet":1,"minecraft:diamond_axe":1,"minecraft:bone_meal":2,"minecraft:oak_sapling":1,"minecraft:coal":32,"minecraft:cobblestone":60}},"DataVersion":3953}