{"stats":{"minecraft:crafted":{"minecraft:crafting_table":1,"minecraft:stick":4,"minecraft:wooden_pickaxe":1,"minecraft:acacia_planks":12,"minecraft:stone_axe":1},"minecraft:picked_up":{"minecraft:stick":2,"minecraft:crafting_table":1,"minecraft:acacia_log":3,"minecraft:dirt":22,"minecraft:rotten_flesh":4,"minecraft:wheat_seeds":2,"minecraft:cobblestone":3},"minecraft:custom":{"minecraft:time_since_rest":8530,"minecraft:sprint_one_cm":23148,"minecraft:damage_taken":350,"minecraft:walk_one_cm":9768,"minecraft:mob_kills":4,"minecraft:drop":1,"minecraft:damage_dealt":721,"minecraft:interact_with_crafting_table":2,"minecraft:swim_one_cm":7587,"minecraft:fly_one_cm":39606,"minecraft:crouch_one_cm":221,"minecraft:play_time":11588,"minecraft:deaths":1,"minecraft:sneak_time":119,"minecraft:walk_under_water_one_cm":1652,"minecraft:jump":170,"minecraft:leave_game":3,"minecraft:time_since_death":8483,"minecraft:walk_on_water_one_cm":2980,"minecraft:total_world_time":11588,"minecraft:fall_one_cm":4925},"minecraft:mined":{"minecraft:crafting_table":1,"minecraft:short_grass":59,"minecraft:acacia_log":3,"minecraft:grass_block":20,"minecraft:dead_bush":1,"minecraft:dirt":3,"minecraft:tall_grass":7,"minecraft:stone":3},"minecraft:used":{"minecraft:wooden_pickaxe":6,"minecraft:rotten_flesh":1,"minecraft:stone_axe":8,"minecraft:dirt":22,"minecraft:crafting_table":1},"minecraft:killed":{"minecraft:skeleton":1,"minecraft:armadillo":1,"minecraft:zombie":2},"minecraft:dropped":{"minecraft:wheat_seeds":2}},"DataVersion":3953}