{"stats":{"minecraft:crafted":{"minecraft:crafting_table":1,"minecraft:stick":4,"minecraft:wooden_axe":2,"minecraft:birch_planks":12},"minecraft:mined":{"minecraft:birch_planks":2,"minecraft:birch_log":4,"minecraft:lilac":1,"minecraft:birch_leaves":5,"minecraft:crafting_table":1,"minecraft:short_grass":1,"minecraft:grass_block":1,"minecraft:dirt":8},"minecraft:killed_by":{"minecraft:player":1},"minecraft:used":{"minecraft:wooden_axe":8,"minecraft:birch_planks":7,"minecraft:lilac":2,"minecraft:wooden_sword":7,"minecraft:dirt":25,"minecraft:crafting_table":1,"minecraft:birch_log":3},"minecraft:dropped":{"minecraft:birch_planks":26,"minecraft:wooden_axe":1},"minecraft:custom":{"minecraft:time_since_rest":3779,"minecraft:sprint_one_cm":52847,"minecraft:damage_taken":713,"minecraft:walk_one_cm":21711,"minecraft:drop":2,"minecraft:damage_dealt":806,"minecraft:swim_one_cm":4189,"minecraft:interact_with_crafting_table":1,"minecraft:fly_one_cm":38311,"minecraft:player_kills":5,"minecraft:crouch_one_cm":24,"minecraft:play_time":15352,"minecraft:deaths":2,"minecraft:sneak_time":317,"minecraft:walk_under_water_one_cm":5295,"minecraft:jump":253,"minecraft:leave_game":2,"minecraft:time_since_death":3748,"minecraft:walk_on_water_one_cm":3834,"minecraft:total_world_time":15352,"minecraft:fall_one_cm":8301},"minecraft:picked_up":{"minecraft:wooden_axe":1,"minecraft:birch_log":6,"minecraft:stick":9,"minecraft:crafting_table":1,"minecraft:lilac":2,"minecraft:birch_planks":60,"minecraft:dirt":25,"minecraft:wooden_sword":1,"minecraft:wheat_seeds":1}},"DataVersion":3953}