{"stats":{"minecraft:crafted":{"minecraft:wooden_sword":2,"minecraft:dark_oak_boat":3,"minecraft:birch_boat":1,"minecraft:furnace":4,"minecraft:flint_and_steel":1,"minecraft:cooked_mutton":5,"minecraft:iron_boots":1,"minecraft:iron_hoe":3,"minecraft:stone_pickaxe":2,"minecraft:dark_oak_planks":60,"minecraft:cooked_beef":10,"minecraft:cooked_porkchop":6,"minecraft:crafting_table":8,"minecraft:enchanting_table":1,"minecraft:iron_helmet":1,"minecraft:wooden_pickaxe":1,"minecraft:iron_sword":1,"minecraft:cooked_salmon":21,"minecraft:bucket":1,"minecraft:birch_planks":40,"minecraft:air":0,"minecraft:iron_chestplate":1,"minecraft:book":1,"minecraft:paper":3,"minecraft:shield":1,"minecraft:stick":40,"minecraft:iron_ingot":46,"minecraft:iron_pickaxe":1,"minecraft:wooden_axe":1,"minecraft:stone_sword":1,"minecraft:iron_leggings":1,"minecraft:torch":88},"minecraft:mined":{"minecraft:tuff":21,"minecraft:white_bed":3,"minecraft:dark_oak_leaves":6,"minecraft:deepslate_diamond_ore":4,"minecraft:sculk_vein":69,"minecraft:jungle_leaves":1,"minecraft:dark_oak_log":31,"minecraft:obsidian":23,"minecraft:grass_block":10,"minecraft:jungle_log":1,"minecraft:brown_mushroom_block":24,"minecraft:spruce_leaves":2,"minecraft:kelp":3,"minecraft:spawner":1,"minecraft:large_fern":5,"minecraft:tall_seagrass":7,"minecraft:raw_iron_block":1,"minecraft:sculk_catalyst":3,"minecraft:furnace":3,"minecraft:iron_ore":38,"minecraft:andesite":5,"minecraft:deepslate_lapis_ore":2,"minecraft:gold_block":1,"minecraft:enchanting_table":1,"minecraft:sculk_shrieker":1,"minecraft:pointed_dripstone":7,"minecraft:deepslate_iron_ore":35,"minecraft:rail":42,"minecraft:bamboo":3,"minecraft:stone":149,"minecraft:kelp_plant":6,"minecraft:crafting_table":5,"minecraft:cornflower":1,"minecraft:short_grass":57,"minecraft:calcite":6,"minecraft:sculk_sensor":6,"minecraft:mushroom_stem":5,"minecraft:nether_quartz_ore":5,"minecraft:tall_grass":14,"minecraft:lapis_ore":4,"minecraft:sugar_cane":17,"minecraft:oak_planks":2,"minecraft:sculk":774,"minecraft:diorite":16,"minecraft:amethyst_block":2,"minecraft:seagrass":2,"minecraft:birch_log":28,"minecraft:sweet_berry_bush":5,"minecraft:birch_leaves":7,"minecraft:coal_ore":93,"minecraft:gravel":8,"minecraft:sand":3,"minecraft:dirt":37,"minecraft:cobweb":43,"minecraft:smooth_basalt":2,"minecraft:netherrack":5,"minecraft:oak_leaves":17,"minecraft:deepslate":153,"minecraft:fern":7},"minecraft:used":{"minecraft:stone_sword":33,"minecraft:enchanting_table":1,"minecraft:flint_and_steel":1,"minecraft:shield":22,"minecraft:iron_sword":205,"minecraft:cooked_salmon":22,"minecraft:rotten_flesh":3,"minecraft:iron_chestplate":1,"minecraft:torch":93,"minecraft:dirt":10,"minecraft:obsidian":14,"minecraft:iron_hoe":750,"minecraft:wooden_axe":57,"minecraft:dark_oak_boat":3,"minecraft:sweet_berries":6,"minecraft:furnace":6,"minecraft:cooked_beef":10,"minecraft:cobbled_deepslate":18,"minecraft:cooked_mutton":9,"minecraft:water_bucket":19,"minecraft:diorite":8,"minecraft:stone_pickaxe":262,"minecraft:wooden_pickaxe":17,"minecraft:birch_boat":1,"minecraft:golden_apple":1,"minecraft:sand":3,"minecraft:crafting_table":13,"minecraft:white_bed":3,"minecraft:diamond_pickaxe":281,"minecraft:apple":1,"minecraft:map":1,"minecraft:iron_pickaxe":71,"minecraft:gravel":6,"minecraft:wooden_sword":82,"minecraft:cooked_porkchop":6,"minecraft:bucket":20},"minecraft:dropped":{"minecraft:enchanted_book":1,"minecraft:birch_planks":1,"minecraft:brown_mushroom":5,"minecraft:wheat_seeds":2,"minecraft:diamond":3,"minecraft:dripstone_block":1,"minecraft:cobblestone":119,"minecraft:coal":43,"minecraft:stick":1,"minecraft:dirt":34,"minecraft:diorite":8,"minecraft:cornflower":2,"minecraft:wooden_sword":2,"minecraft:raw_iron_block":1,"minecraft:iron_pickaxe":1,"minecraft:string":19,"minecraft:dark_oak_planks":9,"minecraft:white_wool":3,"minecraft:smooth_basalt":1,"minecraft:bone":1,"minecraft:gravel":2,"minecraft:kelp":4,"minecraft:stone_sword":1,"minecraft:cobbled_deepslate":2,"minecraft:tuff":21,"minecraft:birch_sapling":1,"minecraft:pointed_dripstone":6,"minecraft:rotten_flesh":13,"minecraft:oak_planks":3,"minecraft:cooked_mutton":2,"minecraft:filled_map":1,"minecraft:gunpowder":2,"minecraft:iron_chestplate":1,"minecraft:andesite":1,"minecraft:leather_leggings":1,"minecraft:arrow":7,"minecraft:wooden_pickaxe":1},"minecraft:picked_up":{"minecraft:crafting_table":5,"minecraft:iron_chestplate":2,"minecraft:leather_leggings":1,"minecraft:brown_mushroom":5,"minecraft:potion":1,"minecraft:gold_block":1,"minecraft:enchanted_book":2,"minecraft:shield":1,"minecraft:cornflower":2,"minecraft:string":71,"minecraft:cooked_salmon":4,"minecraft:wooden_sword":2,"minecraft:iron_leggings":1,"minecraft:cobbled_deepslate":268,"minecraft:beef":16,"minecraft:iron_pickaxe":1,"minecraft:sugar_cane":43,"minecraft:birch_sapling":1,"minecraft:furnace":3,"minecraft:iron_boots":1,"minecraft:stick":3,"minecraft:raw_iron":104,"minecraft:torch":29,"minecraft:porkchop":18,"minecraft:pointed_dripstone":6,"minecraft:diorite":16,"minecraft:redstone":4,"minecraft:dark_oak_planks":4,"minecraft:stone_sword":1,"minecraft:arrow":13,"minecraft:rotten_flesh":24,"minecraft:gold_ingot":3,"minecraft:obsidian":23,"minecraft:mutton":5,"minecraft:rail":102,"minecraft:white_wool":3,"minecraft:cobblestone":163,"minecraft:enchanting_table":2,"minecraft:birch_log":47,"minecraft:jungle_log":1,"minecraft:glow_ink_sac":8,"minecraft:andesite":4,"minecraft:salmon":21,"minecraft:leather":6,"minecraft:flint":1,"minecraft:tuff":42,"minecraft:gunpowder":2,"minecraft:lapis_lazuli":90,"minecraft:dirt":44,"minecraft:cooked_mutton":6,"minecraft:bone":12,"minecraft:apple":1,"minecraft:kelp":4,"minecraft:wheat_seeds":4,"minecraft:bamboo":28,"minecraft:powered_rail":2,"minecraft:iron_sword":1,"minecraft:oak_planks":6,"minecraft:smooth_basalt":1,"minecraft:sweet_berries":6,"minecraft:raw_iron_block":1,"minecraft:dripstone_block":1,"minecraft:gravel":9,"minecraft:sand":3,"minecraft:white_bed":5,"minecraft:dark_oak_log":98,"minecraft:spider_eye":2,"minecraft:diamond":17,"minecraft:iron_helmet":1,"minecraft:coal":110,"minecraft:diamond_pickaxe":2},"minecraft:killed_by":{"minecraft:skeleton":1},"minecraft:killed":{"minecraft:cave_spider":8,"minecraft:slime":2,"minecraft:skeleton":10,"minecraft:drowned":1,"minecraft:tropical_fish":1,"minecraft:pig":9,"minecraft:salmon":22,"minecraft:creeper":2,"minecraft:sheep":4,"minecraft:zombie":14,"minecraft:cow":7},"minecraft:broken":{"minecraft:stone_pickaxe":2,"minecraft:wooden_axe":1,"minecraft:iron_hoe":3},"minecraft:custom":{"minecraft:mob_kills":81,"minecraft:interact_with_crafting_table":27,"minecraft:leave_game":4,"minecraft:time_since_death":73598,"minecraft:climb_one_cm":615,"minecraft:sprint_one_cm":523020,"minecraft:walk_one_cm":384398,"minecraft:damage_blocked_by_shield":2427,"minecraft:drop":60,"minecraft:play_time":172609,"minecraft:sneak_time":9347,"minecraft:deaths":1,"minecraft:walk_under_water_one_cm":52720,"minecraft:boat_one_cm":309148,"minecraft:jump":3156,"minecraft:walk_on_water_one_cm":75843,"minecraft:total_world_time":172609,"minecraft:interact_with_furnace":54,"minecraft:sleep_in_bed":4,"minecraft:time_since_rest":60668,"minecraft:damage_taken":3136,"minecraft:damage_absorbed":40,"minecraft:damage_dealt":9340,"minecraft:swim_one_cm":48077,"minecraft:fly_one_cm":554607,"minecraft:open_chest":11,"minecraft:crouch_one_cm":30134,"minecraft:fall_one_cm":72310}},"DataVersion":3953}