{"stats":{"minecraft:broken":{"minecraft:iron_boots":1,"minecraft:iron_chestplate":1,"minecraft:iron_sword":1,"minecraft:iron_axe":1,"minecraft:iron_pickaxe":5,"minecraft:iron_helmet":2,"minecraft:stone_shovel":1,"minecraft:golden_hoe":4},"minecraft:mined":{"minecraft:white_bed":9,"minecraft:cherry_log":3,"minecraft:obsidian":4,"minecraft:granite":15,"minecraft:chiseled_tuff_bricks":2,"minecraft:hopper":5,"minecraft:oxeye_daisy":2,"minecraft:spawner":3,"minecraft:polished_blackstone_bricks":25,"minecraft:cobbled_deepslate":10,"minecraft:fire":1,"minecraft:barrel":13,"minecraft:waxed_oxidized_copper_bulb":2,"minecraft:fletching_table":10,"minecraft:deepslate_lapis_ore":17,"minecraft:sculk_shrieker":4,"minecraft:oak_stairs":6,"minecraft:tripwire":18,"minecraft:crimson_nylium":1,"minecraft:amethyst_cluster":3,"minecraft:torch":26,"minecraft:sugar_cane":91,"minecraft:amethyst_block":29,"minecraft:birch_sapling":2,"minecraft:waxed_copper_bulb":2,"minecraft:wheat":168,"minecraft:waxed_copper_block":5,"minecraft:birch_door":1,"minecraft:loom":2,"minecraft:deepslate":1670,"minecraft:deepslate_tiles":1,"minecraft:dark_oak_log":13,"minecraft:spruce_fence":4,"minecraft:red_mushroom":1,"minecraft:waxed_copper_grate":4,"minecraft:andesite":4,"minecraft:chiseled_tuff":2,"minecraft:potatoes":100,"minecraft:waxed_weathered_copper_bulb":4,"minecraft:white_wool":1,"minecraft:oak_slab":61,"minecraft:cornflower":4,"minecraft:short_grass":106,"minecraft:campfire":3,"minecraft:tall_grass":5,"minecraft:deepslate_gold_ore":11,"minecraft:cracked_deepslate_bricks":2,"minecraft:diorite":41,"minecraft:white_carpet":1,"minecraft:spruce_log":156,"minecraft:birch_leaves":18,"minecraft:gravel":37,"minecraft:dripstone_block":3,"minecraft:cobweb":97,"minecraft:gold_ore":1,"minecraft:waxed_cut_copper_slab":5,"minecraft:large_amethyst_bud":1,"minecraft:spruce_planks":45,"minecraft:cobblestone_stairs":4,"minecraft:sculk_vein":104,"minecraft:brewing_stand":1,"minecraft:spruce_trapdoor":2,"minecraft:budding_amethyst":2,"minecraft:grass_block":315,"minecraft:cracked_polished_blackstone_bricks":9,"minecraft:composter":5,"minecraft:tuff_bricks":21,"minecraft:gilded_blackstone":2,"minecraft:sculk_catalyst":7,"minecraft:polished_tuff":5,"minecraft:azure_bluet":16,"minecraft:pointed_dripstone":3,"minecraft:spruce_slab":8,"minecraft:waxed_cut_copper":3,"minecraft:deepslate_redstone_ore":11,"minecraft:copper_bulb":9,"minecraft:blackstone":75,"minecraft:medium_amethyst_bud":2,"minecraft:soul_lantern":1,"minecraft:poppy":1,"minecraft:chest":13,"minecraft:cobblestone":15,"minecraft:oak_planks":87,"minecraft:wall_torch":36,"minecraft:birch_log":105,"minecraft:waxed_oxidized_cut_copper_stairs":1,"minecraft:tnt":8,"minecraft:oak_log":155,"minecraft:waxed_oxidized_copper":37,"minecraft:sand":1,"minecraft:dirt":257,"minecraft:oak_leaves":40,"minecraft:tuff":187,"minecraft:deepslate_diamond_ore":111,"minecraft:decorated_pot":36,"minecraft:calibrated_sculk_sensor":2,"minecraft:birch_slab":13,"minecraft:spruce_leaves":4,"minecraft:crimson_stem":2,"minecraft:hay_block":28,"minecraft:oak_trapdoor":3,"minecraft:spruce_sapling":1,"minecraft:furnace":11,"minecraft:carrots":33,"minecraft:polished_deepslate":2,"minecraft:deepslate_iron_ore":39,"minecraft:stone":624,"minecraft:waxed_exposed_copper_bulb":2,"minecraft:basalt":1,"minecraft:oak_fence":4,"minecraft:crafting_table":9,"minecraft:sculk_sensor":29,"minecraft:lapis_ore":4,"minecraft:sculk":1417,"minecraft:birch_planks":25,"minecraft:waxed_oxidized_copper_grate":6,"minecraft:black_wall_banner":1,"minecraft:coal_ore":45,"minecraft:lodestone":1,"minecraft:birch_fence":12},"minecraft:killed_by":{"minecraft:vindicator":3,"minecraft:zombie":5,"minecraft:vex":2,"minecraft:warden":4,"minecraft:zombified_piglin":2,"minecraft:creeper":2,"minecraft:drowned":5,"minecraft:cave_spider":4,"minecraft:skeleton":4},"minecraft:custom":{"minecraft:interact_with_crafting_table":164,"minecraft:open_barrel":23,"minecraft:bell_ring":1,"minecraft:eat_cake_slice":2,"minecraft:leave_game":27,"minecraft:time_since_death":267166,"minecraft:damage_blocked_by_shield":3350,"minecraft:play_time":1361800,"minecraft:deaths":32,"minecraft:jump":13577,"minecraft:enchant_item":27,"minecraft:interact_with_furnace":104,"minecraft:traded_with_villager":3553,"minecraft:sleep_in_bed":23,"minecraft:damage_dealt":45439,"minecraft:interact_with_smoker":5,"minecraft:inspect_dispenser":17,"minecraft:interact_with_smithing_table":5,"minecraft:interact_with_anvil":24,"minecraft:inspect_hopper":32,"minecraft:sneak_time":95035,"minecraft:interact_with_blast_furnace":3,"minecraft:total_world_time":1361800,"minecraft:time_since_rest":65964,"minecraft:swim_one_cm":278096,"minecraft:fly_one_cm":2923767,"minecraft:open_chest":689,"minecraft:fish_caught":52,"minecraft:fall_one_cm":431690,"minecraft:animals_bred":69,"minecraft:sprint_one_cm":3414449,"minecraft:drop":997,"minecraft:talked_to_villager":1051,"minecraft:interact_with_brewingstand":2,"minecraft:walk_on_water_one_cm":158919,"minecraft:interact_with_loom":10,"minecraft:player_kills":1,"minecraft:crouch_one_cm":242745,"minecraft:mob_kills":701,"minecraft:interact_with_campfire":10,"minecraft:climb_one_cm":39023,"minecraft:walk_one_cm":2992772,"minecraft:raid_win":2,"minecraft:walk_under_water_one_cm":161175,"minecraft:boat_one_cm":622131,"minecraft:raid_trigger":1,"minecraft:interact_with_grindstone":1,"minecraft:damage_taken":24823,"minecraft:damage_absorbed":40},"minecraft:used":{"minecraft:tuff_bricks":1,"minecraft:chiseled_tuff":1,"minecraft:spruce_slab":56,"minecraft:poppy":4,"minecraft:ladder":13,"minecraft:chest":31,"minecraft:stone":96,"minecraft:rotten_flesh":12,"minecraft:acacia_sapling":1,"minecraft:azure_bluet":16,"minecraft:villager_spawn_egg":11,"minecraft:grass_block":7,"minecraft:birch_sapling":4,"minecraft:bow":1189,"minecraft:ominous_bottle":2,"minecraft:furnace":15,"minecraft:cooked_cod":33,"minecraft:egg":1,"minecraft:potato":116,"minecraft:diorite":2,"minecraft:leather_leggings":1,"minecraft:waxed_weathered_copper_bulb":3,"minecraft:composter":9,"minecraft:golden_apple":1,"minecraft:sand":1,"minecraft:blast_furnace":4,"minecraft:birch_fence":65,"minecraft:birch_slab":20,"minecraft:lectern":221,"minecraft:soul_lantern":1,"minecraft:chiseled_tuff_bricks":2,"minecraft:diamond_sword":250,"minecraft:fire_charge":1,"minecraft:smithing_table":4,"minecraft:birch_log":10,"minecraft:oak_boat":36,"minecraft:oak_trapdoor":87,"minecraft:enchanting_table":1,"minecraft:cooked_salmon":9,"minecraft:trial_key":9,"minecraft:torch":162,"minecraft:anvil":1,"minecraft:iron_axe":150,"minecraft:barrel":34,"minecraft:tripwire_hook":2,"minecraft:goat_horn":21,"minecraft:cobbled_deepslate":121,"minecraft:cherry_log":8,"minecraft:golden_axe":1,"minecraft:wheat_seeds":160,"minecraft:water_bucket":161,"minecraft:birch_planks":183,"minecraft:lead":1,"minecraft:fletching_table":16,"minecraft:spruce_fence_gate":2,"minecraft:tnt":8,"minecraft:crafting_table":18,"minecraft:oak_slab":259,"minecraft:white_bed":60,"minecraft:campfire":15,"minecraft:cake":1,"minecraft:spruce_log":30,"minecraft:diamond_pickaxe":1098,"minecraft:cornflower":5,"minecraft:oxeye_daisy":6,"minecraft:ominous_trial_key":4,"minecraft:diamond_shovel":407,"minecraft:wind_charge":54,"minecraft:iron_pickaxe":2061,"minecraft:suspicious_stew":7,"minecraft:spruce_trapdoor":2,"minecraft:spruce_sapling":3,"minecraft:crimson_nylium":1,"minecraft:copper_bulb":5,"minecraft:cobblestone":108,"minecraft:potion":3,"minecraft:cooked_porkchop":13,"minecraft:polished_deepslate":1,"minecraft:oak_sign":3,"minecraft:diamond_hoe":1448,"minecraft:decorated_pot":26,"minecraft:shield":61,"minecraft:iron_sword":202,"minecraft:zombie_spawn_egg":34,"minecraft:mossy_stone_brick_slab":2,"minecraft:oxidized_cut_copper":1,"minecraft:iron_chestplate":2,"minecraft:carrot":77,"minecraft:waxed_copper_grate":4,"minecraft:obsidian":5,"minecraft:honey_bottle":10,"minecraft:waxed_oxidized_copper":5,"minecraft:waxed_oxidized_copper_grate":2,"minecraft:lantern":12,"minecraft:iron_helmet":3,"minecraft:deepslate_diamond_ore":45,"minecraft:birch_trapdoor":2,"minecraft:hay_block":7,"minecraft:oak_planks":236,"minecraft:ender_pearl":7,"minecraft:sugar_cane":23,"minecraft:diamond_axe":1047,"minecraft:calibrated_sculk_sensor":3,"minecraft:white_wool":7,"minecraft:golden_hoe":161,"minecraft:loom":3,"minecraft:black_banner":2,"minecraft:crossbow":34,"minecraft:shears":4,"minecraft:lever":1,"minecraft:dark_oak_log":3,"minecraft:string":27,"minecraft:bread":41,"minecraft:deepslate":240,"minecraft:gravel":27,"minecraft:waxed_oxidized_cut_copper_stairs":1,"minecraft:andesite":4,"minecraft:smooth_stone_slab":4,"minecraft:bone_meal":6,"minecraft:waxed_copper_bulb":1,"minecraft:cracked_deepslate_bricks":2,"minecraft:stone_shovel":132,"minecraft:redstone":12,"minecraft:spruce_planks":45,"minecraft:sculk":4,"minecraft:deepslate_gold_ore":8,"minecraft:cooked_chicken":13,"minecraft:oak_door":3,"minecraft:dirt":204,"minecraft:white_carpet":8,"minecraft:hopper":13,"minecraft:spruce_fence":23,"minecraft:granite":4,"minecraft:birch_door":4,"minecraft:stone_brick_slab":4,"minecraft:bookshelf":22,"minecraft:oak_stairs":28,"minecraft:crimson_planks":8,"minecraft:golden_carrot":21,"minecraft:cooked_beef":37,"minecraft:iron_leggings":4,"minecraft:cooked_mutton":42,"minecraft:amethyst_block":17,"minecraft:cobblestone_stairs":44,"minecraft:lodestone":2,"minecraft:baked_potato":91,"minecraft:birch_boat":3,"minecraft:waxed_copper_block":2,"minecraft:smoker":2,"minecraft:polished_tuff_slab":3,"minecraft:apple":3,"minecraft:golden_leggings":1,"minecraft:fishing_rod":105,"minecraft:white_banner":3,"minecraft:bucket":159,"minecraft:pumpkin_pie":5,"minecraft:sculk_catalyst":1},"minecraft:dropped":{"minecraft:iron_sword":2,"minecraft:porkchop":8,"minecraft:lapis_lazuli":8,"minecraft:cooked_beef":12,"minecraft:glow_ink_sac":4,"minecraft:glass_bottle":8,"minecraft:diamond":3,"minecraft:crafting_table":1,"minecraft:crossbow":50,"minecraft:fletching_table":3,"minecraft:red_mushroom":1,"minecraft:emerald":56,"minecraft:dirt":135,"minecraft:scrape_pottery_sherd":1,"minecraft:sugar":4,"minecraft:iron_pickaxe":2,"minecraft:fishing_rod":10,"minecraft:bone":11,"minecraft:stone_axe":25,"minecraft:goat_horn":1,"minecraft:sugar_cane":1,"minecraft:golden_chestplate":1,"minecraft:cobbled_deepslate":181,"minecraft:birch_sapling":2,"minecraft:wheat":128,"minecraft:rotten_flesh":69,"minecraft:oak_planks":20,"minecraft:azure_bluet":5,"minecraft:white_bed":5,"minecraft:tipped_arrow":36,"minecraft:red_candle":3,"minecraft:leather_leggings":2,"minecraft:beef":8,"minecraft:glass":96,"minecraft:campfire":12,"minecraft:lectern":1,"minecraft:iron_ingot":120,"minecraft:enchanted_book":2,"minecraft:golden_boots":1,"minecraft:black_dye":2,"minecraft:wheat_seeds":198,"minecraft:deepslate_redstone_ore":9,"minecraft:oak_fence":4,"minecraft:iron_helmet":3,"minecraft:cobblestone":142,"minecraft:apple":64,"minecraft:chainmail_helmet":12,"minecraft:coal":1,"minecraft:golden_carrot":264,"minecraft:cooked_salmon":5,"minecraft:lapis_ore":2,"minecraft:oak_stairs":1,"minecraft:paper":6,"minecraft:chainmail_leggings":22,"minecraft:iron_shovel":6,"minecraft:string":4272,"minecraft:spruce_sapling":2,"minecraft:stone_brick_slab":1,"minecraft:bowl":8,"minecraft:deepslate":587,"minecraft:stone_shovel":28,"minecraft:iron_boots":14,"minecraft:deepslate_lapis_ore":1,"minecraft:blast_furnace":1,"minecraft:potato":4517,"minecraft:stone":34,"minecraft:spruce_planks":4,"minecraft:diamond_pickaxe":1,"minecraft:spider_eye":16,"minecraft:barrel":1,"minecraft:birch_boat":1,"minecraft:bow":88,"minecraft:bell":25,"minecraft:brown_mushroom":10,"minecraft:birch_planks":1,"minecraft:diamond_axe":6,"minecraft:baked_potato":155,"minecraft:decorated_pot":1,"minecraft:netherite_upgrade_smithing_template":1,"minecraft:leather":4,"minecraft:cracked_polished_blackstone_bricks":5,"minecraft:deepslate_gold_ore":2,"minecraft:crimson_roots":1,"minecraft:gilded_blackstone":2,"minecraft:pumpkin_pie":2,"minecraft:amethyst_shard":5,"minecraft:polished_blackstone_bricks":20,"minecraft:birch_log":3,"minecraft:gravel":1,"minecraft:blackstone":57,"minecraft:pointed_dripstone":13,"minecraft:diamond_shovel":3,"minecraft:cooked_mutton":8,"minecraft:carrot":1744,"minecraft:poppy":4,"minecraft:leather_chestplate":1,"minecraft:chainmail_boots":12,"minecraft:chest":1,"minecraft:basalt":1,"minecraft:arrow":69,"minecraft:water_bucket":2,"minecraft:stone_hoe":29,"minecraft:bread":9,"minecraft:oak_slab":8,"minecraft:golden_helmet":4,"minecraft:smithing_table":1,"minecraft:diamond_leggings":5,"minecraft:poisonous_potato":8,"minecraft:golden_axe":1,"minecraft:lead":4,"minecraft:polished_tuff":1,"minecraft:ominous_trial_key":3,"minecraft:grass_block":1,"minecraft:stick":90,"minecraft:calibrated_sculk_sensor":1,"minecraft:diorite":17,"minecraft:torch":31,"minecraft:iron_leggings":15,"minecraft:iron_axe":4,"minecraft:kelp":1,"minecraft:tuff_bricks":10,"minecraft:oak_trapdoor":2,"minecraft:tuff":118,"minecraft:composter":1,"minecraft:raw_iron":1,"minecraft:totem_of_undying":2,"minecraft:filled_map":1,"minecraft:shield":1,"minecraft:trial_key":3,"minecraft:iron_chestplate":13,"minecraft:andesite":1,"minecraft:oak_boat":1,"minecraft:oak_sapling":1,"minecraft:golden_sword":1,"minecraft:diamond_boots":6,"minecraft:spruce_log":40,"minecraft:wooden_pickaxe":1,"minecraft:waxed_oxidized_copper_grate":1,"minecraft:brick":15},"minecraft:crafted":{"minecraft:black_dye":10,"minecraft:chainmail_helmet":12,"minecraft:oak_sign":3,"minecraft:birch_boat":1,"minecraft:birch_slab":36,"minecraft:loom":1,"minecraft:lever":1,"minecraft:diamond_shovel":4,"minecraft:bookshelf":80,"minecraft:cooked_mutton":26,"minecraft:glass":96,"minecraft:diamond_helmet":1,"minecraft:diamond_leggings":6,"minecraft:tipped_arrow":260,"minecraft:birch_door":3,"minecraft:black_wool":8,"minecraft:emerald":3565,"minecraft:cooked_porkchop":14,"minecraft:diamond_axe":3,"minecraft:fletching_table":1,"minecraft:campfire":167,"minecraft:lectern":2,"minecraft:compass":24,"minecraft:iron_pickaxe":8,"minecraft:iron_block":2,"minecraft:composter":1,"minecraft:golden_carrot":72,"minecraft:stone_shovel":26,"minecraft:wind_charge":48,"minecraft:bone_meal":18,"minecraft:white_carpet":3,"minecraft:lantern":24,"minecraft:diamond":3,"minecraft:ladder":15,"minecraft:spruce_slab":78,"minecraft:stone_pickaxe":1,"minecraft:diamond_boots":7,"minecraft:chainmail_leggings":12,"minecraft:wheat":90,"minecraft:crossbow":51,"minecraft:enchanting_table":1,"minecraft:enchanted_book":13,"minecraft:chainmail_boots":12,"minecraft:birch_trapdoor":2,"minecraft:oak_stairs":20,"minecraft:iron_shovel":5,"minecraft:iron_leggings":14,"minecraft:white_bed":11,"minecraft:golden_hoe":5,"minecraft:oak_planks":628,"minecraft:barrel":2,"minecraft:calibrated_sculk_sensor":1,"minecraft:cooked_chicken":13,"minecraft:cobblestone_stairs":40,"minecraft:spruce_pressure_plate":1,"minecraft:suspicious_stew":7,"minecraft:hopper":3,"minecraft:bow":97,"minecraft:iron_boots":14,"minecraft:chest":16,"minecraft:stone_hoe":24,"minecraft:oak_fence":6,"minecraft:smoker":2,"minecraft:white_banner":1,"minecraft:oak_slab":72,"minecraft:arrow":720,"minecraft:crafting_table":12,"minecraft:spruce_planks":20,"minecraft:iron_helmet":2,"minecraft:baked_potato":83,"minecraft:birch_planks":344,"minecraft:apple":64,"minecraft:spruce_trapdoor":2,"minecraft:book":28,"minecraft:iron_chestplate":14,"minecraft:paper":90,"minecraft:emerald_block":285,"minecraft:diamond_pickaxe":7,"minecraft:shield":3,"minecraft:birch_fence":15,"minecraft:stick":148,"minecraft:iron_ingot":64,"minecraft:shears":1,"minecraft:oak_door":3,"minecraft:fishing_rod":13,"minecraft:tripwire_hook":2,"minecraft:furnace":6,"minecraft:oak_trapdoor":14,"minecraft:iron_axe":1,"minecraft:cooked_beef":67,"minecraft:sugar":2,"minecraft:red_dye":1,"minecraft:cooked_cod":26,"minecraft:crimson_planks":8,"minecraft:diamond_sword":2,"minecraft:bell":25,"minecraft:black_banner":1,"minecraft:cooked_salmon":14,"minecraft:bucket":2,"minecraft:stone_axe":24,"minecraft:amethyst_block":1,"minecraft:bread":30,"minecraft:air":0,"minecraft:jungle_planks":4,"minecraft:blue_dye":4,"minecraft:oak_boat":34,"minecraft:white_wool":38,"minecraft:anvil":1,"minecraft:acacia_sapling":1,"minecraft:pumpkin_pie":48,"minecraft:torch":60,"minecraft:diamond_chestplate":1},"minecraft:picked_up":{"minecraft:birch_door":3,"minecraft:iron_chestplate":19,"minecraft:flower_pot":1,"minecraft:lead":38,"minecraft:diamond_sword":8,"minecraft:oak_stairs":6,"minecraft:enchanted_book":8,"minecraft:brewing_stand":1,"minecraft:golden_sword":2,"minecraft:amethyst_block":152,"minecraft:polished_deepslate":1,"minecraft:string":3212,"minecraft:cooked_salmon":6,"minecraft:pufferfish":7,"minecraft:sculk_shrieker":1,"minecraft:diamond_leggings":4,"minecraft:gold_nugget":5,"minecraft:cobbled_deepslate":475,"minecraft:spruce_planks":48,"minecraft:trial_key":16,"minecraft:netherite_upgrade_smithing_template":1,"minecraft:golden_helmet":6,"minecraft:composter":5,"minecraft:golden_axe":1,"minecraft:waxed_weathered_copper_bulb":3,"minecraft:cherry_log":3,"minecraft:waxed_copper_grate":4,"minecraft:golden_chestplate":1,"minecraft:honey_bottle":5,"minecraft:tropical_fish":1,"minecraft:iron_block":1,"minecraft:birch_log":201,"minecraft:feather":19,"minecraft:cooked_beef":146,"minecraft:birch_slab":17,"minecraft:water_bucket":13,"minecraft:flint":4,"minecraft:guster_banner_pattern":2,"minecraft:diamond_helmet":4,"minecraft:glowstone_dust":5,"minecraft:ink_sac":10,"minecraft:loom":2,"minecraft:dark_oak_log":20,"minecraft:barrel":13,"minecraft:deepslate":1916,"minecraft:deepslate_gold_ore":30,"minecraft:granite":15,"minecraft:bread":106,"minecraft:music_disc_precipice":1,"minecraft:ominous_trial_key":20,"minecraft:crimson_roots":1,"minecraft:diamond_pickaxe":19,"minecraft:crafting_table":15,"minecraft:ominous_bottle":3,"minecraft:leather_leggings":7,"minecraft:wind_charge":42,"minecraft:cornflower":9,"minecraft:flow_banner_pattern":3,"minecraft:iron_shovel":1,"minecraft:deepslate_diamond_ore":147,"minecraft:beef":122,"minecraft:chiseled_tuff":1,"minecraft:poppy":6,"minecraft:iron_nugget":64,"minecraft:spruce_slab":44,"minecraft:chest":12,"minecraft:birch_sapling":13,"minecraft:waxed_oxidized_copper":33,"minecraft:diamond_hoe":6,"minecraft:egg":2,"minecraft:stone":454,"minecraft:copper_bulb":9,"minecraft:spruce_fence":4,"minecraft:carrot":332,"minecraft:redstone":33,"minecraft:music_disc_creator_music_box":2,"minecraft:tnt":32,"minecraft:stone_shovel":8,"minecraft:diamond_chestplate":4,"minecraft:cooked_cod":55,"minecraft:decorated_pot":27,"minecraft:shears":6,"minecraft:diamond_boots":4,"minecraft:waxed_oxidized_cut_copper_stairs":1,"minecraft:hay_block":42,"minecraft:cracked_deepslate_bricks":2,"minecraft:flow_armor_trim_smithing_template":3,"minecraft:gold_ingot":80,"minecraft:totem_of_undying":9,"minecraft:tuff_bricks":11,"minecraft:mutton":126,"minecraft:white_wool":72,"minecraft:oxeye_daisy":6,"minecraft:lapis_ore":10,"minecraft:red_mushroom":1,"minecraft:oak_log":165,"minecraft:golden_boots":1,"minecraft:white_banner":7,"minecraft:apple":64,"minecraft:kelp":1,"minecraft:stone_pickaxe":1,"minecraft:glass_bottle":7,"minecraft:iron_sword":13,"minecraft:sculk":8,"minecraft:waxed_exposed_copper_bulb":2,"minecraft:gravel":32,"minecraft:spruce_sapling":5,"minecraft:spruce_log":154,"minecraft:polished_tuff":1,"minecraft:diamond_shovel":5,"minecraft:coal_ore":19,"minecraft:slime_ball":63,"minecraft:stone_axe":1,"minecraft:diamond_axe":18,"minecraft:deepslate_redstone_ore":17,"minecraft:gray_wool":2,"minecraft:lodestone":2,"minecraft:baked_potato":305,"minecraft:crimson_nylium":1,"minecraft:hopper":5,"minecraft:ender_pearl":8,"minecraft:wheat":363,"minecraft:calibrated_sculk_sensor":2,"minecraft:gilded_blackstone":2,"minecraft:potion":14,"minecraft:deepslate_lapis_ore":3,"minecraft:iron_leggings":15,"minecraft:red_candle":3,"minecraft:bucket":5,"minecraft:iron_pickaxe":39,"minecraft:iron_boots":10,"minecraft:furnace":21,"minecraft:tipped_arrow":262,"minecraft:stick":102,"minecraft:oak_fence":12,"minecraft:torch":164,"minecraft:porkchop":41,"minecraft:pointed_dripstone":48,"minecraft:diorite":41,"minecraft:goat_horn":5,"minecraft:rotten_flesh":183,"minecraft:obsidian":29,"minecraft:cod":35,"minecraft:cobblestone":513,"minecraft:nautilus_shell":1,"minecraft:leather_chestplate":1,"minecraft:andesite":5,"minecraft:golden_leggings":2,"minecraft:potato":2556,"minecraft:tuff":306,"minecraft:lapis_lazuli":193,"minecraft:dirt":1027,"minecraft:name_tag":9,"minecraft:bone":224,"minecraft:bow":31,"minecraft:wheat_seeds":467,"minecraft:raw_gold":8,"minecraft:fletching_table":11,"minecraft:scrape_pottery_sherd":1,"minecraft:oak_planks":139,"minecraft:stone_hoe":5,"minecraft:cooked_porkchop":72,"minecraft:waxed_oxidized_copper_bulb":2,"minecraft:poisonous_potato":8,"minecraft:sand":1,"minecraft:grass_block":2,"minecraft:sugar":2,"minecraft:diamond":179,"minecraft:soul_lantern":1,"minecraft:waxed_oxidized_copper_grate":5,"minecraft:cracked_polished_blackstone_bricks":5,"minecraft:crossbow":16,"minecraft:breeze_rod":33,"minecraft:bone_meal":16,"minecraft:golden_apple":1,"minecraft:emerald":993,"minecraft:oak_sapling":4,"minecraft:fishing_rod":12,"minecraft:charcoal":6,"minecraft:azure_bluet":25,"minecraft:chicken":13,"minecraft:brown_mushroom":20,"minecraft:wooden_pickaxe":4,"minecraft:brick":54,"minecraft:shield":20,"minecraft:oak_trapdoor":3,"minecraft:iron_axe":17,"minecraft:birch_fence":15,"minecraft:blackstone":57,"minecraft:oak_boat":30,"minecraft:light_gray_wool":3,"minecraft:sugar_cane":141,"minecraft:spruce_trapdoor":2,"minecraft:phantom_membrane":1,"minecraft:raw_iron":157,"minecraft:copper_ingot":1,"minecraft:bowl":1,"minecraft:polished_blackstone_bricks":20,"minecraft:arrow":1225,"minecraft:pumpkin_pie":1,"minecraft:golden_hoe":3,"minecraft:saddle":4,"minecraft:black_banner":1,"minecraft:basalt":1,"minecraft:golden_carrot":261,"minecraft:glow_ink_sac":20,"minecraft:crimson_stem":2,"minecraft:salmon":19,"minecraft:leather":79,"minecraft:birch_planks":109,"minecraft:waxed_copper_bulb":1,"minecraft:waxed_copper_block":3,"minecraft:gunpowder":21,"minecraft:cobblestone_stairs":4,"minecraft:cooked_mutton":37,"minecraft:heart_of_the_sea":8,"minecraft:iron_ingot":353,"minecraft:polished_tuff_slab":3,"minecraft:cooked_chicken":7,"minecraft:oxidized_cut_copper":1,"minecraft:sculk_catalyst":2,"minecraft:oak_slab":69,"minecraft:emerald_block":4,"minecraft:birch_boat":3,"minecraft:dripstone_block":4,"minecraft:raw_iron_block":1,"minecraft:amethyst_shard":85,"minecraft:white_bed":13,"minecraft:spider_eye":60,"minecraft:sculk_sensor":11,"minecraft:chainmail_leggings":14,"minecraft:iron_helmet":16,"minecraft:black_wool":10,"minecraft:chiseled_tuff_bricks":2,"minecraft:coal":332},"minecraft:killed":{"minecraft:cave_spider":66,"minecraft:skeleton":43,"minecraft:chicken":13,"minecraft:magma_cube":1,"minecraft:salmon":11,"minecraft:iron_golem":2,"minecraft:pillager":40,"minecraft:goat":1,"minecraft:donkey":2,"minecraft:zombie":106,"minecraft:cow":50,"minecraft:evoker":8,"minecraft:vindicator":15,"minecraft:husk":19,"minecraft:ravager":7,"minecraft:breeze":12,"minecraft:enderman":2,"minecraft:zombified_piglin":25,"minecraft:witch":7,"minecraft:spider":13,"minecraft:piglin_brute":2,"minecraft:piglin":20,"minecraft:pig":8,"minecraft:zombie_villager":1,"minecraft:creeper":12,"minecraft:sheep":47,"minecraft:trader_llama":2,"minecraft:vex":12,"minecraft:bogged":46,"minecraft:slime":20,"minecraft:phantom":2,"minecraft:drowned":3,"minecraft:hoglin":6,"minecraft:squid":4,"minecraft:villager":11}},"DataVersion":3953}