{"stats":{"minecraft:used":{"minecraft:cooked_mutton":5,"minecraft:chicken":1,"minecraft:stone_pickaxe":238,"minecraft:chest":1,"minecraft:wooden_pickaxe":12,"minecraft:stone_axe":36,"minecraft:torch":13,"minecraft:dirt":1,"minecraft:crafting_table":2,"minecraft:furnace":1,"minecraft:cooked_porkchop":1,"minecraft:white_bed":1,"minecraft:egg":3},"minecraft:mined":{"minecraft:birch_log":5,"minecraft:dark_oak_log":12,"minecraft:birch_leaves":1,"minecraft:pumpkin":1,"minecraft:short_grass":5,"minecraft:grass_block":4,"minecraft:coal_ore":26,"minecraft:dirt":5,"minecraft:stone":218,"minecraft:sugar_cane":7},"minecraft:crafted":{"minecraft:cooked_beef":2,"minecraft:cooked_porkchop":9,"minecraft:crafting_table":2,"minecraft:stick":16,"minecraft:wooden_pickaxe":1,"minecraft:stone_pickaxe":2,"minecraft:chest":1,"minecraft:furnace":1,"minecraft:white_bed":1,"minecraft:dark_oak_planks":48,"minecraft:torch":24,"minecraft:birch_planks":20,"minecraft:stone_axe":1,"minecraft:air":0,"minecraft:cooked_mutton":5},"minecraft:broken":{"minecraft:stone_pickaxe":1},"minecraft:killed":{"minecraft:sheep":5,"minecraft:pig":6,"minecraft:chicken":4,"minecraft:spider":2,"minecraft:cow":2},"minecraft:custom":{"minecraft:time_since_rest":20418,"minecraft:interact_with_furnace":4,"minecraft:sprint_one_cm":81104,"minecraft:damage_taken":575,"minecraft:walk_one_cm":98419,"minecraft:mob_kills":19,"minecraft:damage_dealt":1680,"minecraft:swim_one_cm":9891,"minecraft:interact_with_crafting_table":12,"minecraft:fly_one_cm":66670,"minecraft:open_chest":3,"minecraft:crouch_one_cm":4153,"minecraft:play_time":39210,"minecraft:deaths":2,"minecraft:sneak_time":912,"minecraft:walk_under_water_one_cm":2731,"minecraft:jump":662,"minecraft:leave_game":1,"minecraft:walk_on_water_one_cm":6230,"minecraft:time_since_death":20383,"minecraft:total_world_time":39210,"minecraft:fall_one_cm":9236},"minecraft:killed_by":{"minecraft:skeleton":2},"minecraft:picked_up":{"minecraft:birch_log":5,"minecraft:feather":6,"minecraft:chicken":4,"minecraft:pumpkin":1,"minecraft:leather":9,"minecraft:torch":6,"minecraft:wooden_pickaxe":1,"minecraft:birch_planks":2,"minecraft:porkchop":12,"minecraft:dark_oak_log":12,"minecraft:string":8,"minecraft:dirt":9,"minecraft:dark_oak_planks":44,"minecraft:cooked_mutton":2,"minecraft:stone_axe":2,"minecraft:stone_pickaxe":2,"minecraft:beef":2,"minecraft:light_gray_wool":3,"minecraft:sugar_cane":16,"minecraft:mutton":8,"minecraft:coal":26,"minecraft:white_wool":8,"minecraft:cobblestone":316,"minecraft:egg":9}},"DataVersion":3953}