{"stats":{"minecraft:mined":{"minecraft:short_grass":3,"minecraft:birch_planks":1,"minecraft:birch_log":7,"minecraft:lilac":1,"minecraft:birch_leaves":3,"minecraft:oak_leaves":2},"minecraft:used":{"minecraft:egg":1},"minecraft:killed_by":{"minecraft:player":3},"minecraft:custom":{"minecraft:time_since_rest":2425,"minecraft:crouch_one_cm":3,"minecraft:play_time":7564,"minecraft:sprint_one_cm":37216,"minecraft:walk_one_cm":30207,"minecraft:damage_taken":946,"minecraft:deaths":3,"minecraft:sneak_time":24,"minecraft:jump":223,"minecraft:damage_dealt":434,"minecraft:leave_game":1,"minecraft:time_since_death":2348,"minecraft:walk_on_water_one_cm":1188,"minecraft:total_world_time":7564,"minecraft:fall_one_cm":5596,"minecraft:fly_one_cm":36688,"minecraft:player_kills":1},"minecraft:picked_up":{"minecraft:wooden_axe":1,"minecraft:birch_log":7,"minecraft:wooden_sword":1,"minecraft:lilac":1,"minecraft:stick":17,"minecraft:birch_planks":1,"minecraft:egg":1}},"DataVersion":3953}