{"stats":{"minecraft:crafted":{"minecraft:wooden_sword":1,"minecraft:birch_planks":40,"minecraft:stick":12,"minecraft:birch_boat":1},"minecraft:mined":{"minecraft:short_grass":2,"minecraft:birch_log":11,"minecraft:birch_leaves":7},"minecraft:killed_by":{"minecraft:player":1},"minecraft:used":{"minecraft:wooden_axe":3,"minecraft:wooden_sword":5,"minecraft:crafting_table":1,"minecraft:birch_planks":1,"minecraft:birch_sapling":1,"minecraft:birch_log":1,"minecraft:birch_boat":2},"minecraft:dropped":{"minecraft:birch_planks":26},"minecraft:custom":{"minecraft:time_since_rest":6185,"minecraft:play_time":9194,"minecraft:sprint_one_cm":33488,"minecraft:walk_one_cm":32280,"minecraft:damage_taken":421,"minecraft:deaths":1,"minecraft:walk_under_water_one_cm":85,"minecraft:boat_one_cm":40415,"minecraft:drop":1,"minecraft:jump":137,"minecraft:damage_dealt":420,"minecraft:leave_game":1,"minecraft:walk_on_water_one_cm":936,"minecraft:time_since_death":6133,"minecraft:total_world_time":9194,"minecraft:interact_with_crafting_table":5,"minecraft:fall_one_cm":3102,"minecraft:fly_one_cm":17113,"minecraft:player_kills":1},"minecraft:picked_up":{"minecraft:wooden_axe":1,"minecraft:birch_log":11,"minecraft:stick":9,"minecraft:crafting_table":1,"minecraft:birch_boat":1,"minecraft:rotten_flesh":1,"minecraft:birch_planks":52,"minecraft:birch_sapling":1}},"DataVersion":3953}