{"stats":{"minecraft:crafted":{"minecraft:wooden_sword":1,"minecraft:dark_oak_boat":1,"minecraft:birch_boat":4,"minecraft:furnace":3,"minecraft:cooked_mutton":17,"minecraft:diamond_leggings":1,"minecraft:diamond_helmet":1,"minecraft:iron_boots":1,"minecraft:iron_axe":1,"minecraft:stone_pickaxe":1,"minecraft:diamond_boots":1,"minecraft:dark_oak_planks":32,"minecraft:cooked_beef":6,"minecraft:cooked_porkchop":6,"minecraft:diamond_axe":1,"minecraft:crafting_table":9,"minecraft:wooden_pickaxe":2,"minecraft:cooked_salmon":6,"minecraft:bucket":2,"minecraft:birch_planks":80,"minecraft:stone_axe":1,"minecraft:air":0,"minecraft:diamond_pickaxe":2,"minecraft:stick":24,"minecraft:iron_ingot":10,"minecraft:iron_pickaxe":2,"minecraft:wooden_axe":2,"minecraft:iron_leggings":1,"minecraft:white_bed":2,"minecraft:diamond_chestplate":1},"minecraft:mined":{"minecraft:tuff":13,"minecraft:white_bed":2,"minecraft:deepslate_diamond_ore":46,"minecraft:sculk_vein":1,"minecraft:dark_oak_log":14,"minecraft:obsidian":10,"minecraft:granite":16,"minecraft:grass_block":4,"minecraft:redstone_wire":1,"minecraft:spruce_leaves":13,"minecraft:chiseled_tuff_bricks":2,"minecraft:tuff_bricks":6,"minecraft:spawner":1,"minecraft:large_fern":1,"minecraft:tall_seagrass":1,"minecraft:furnace":14,"minecraft:iron_ore":24,"minecraft:cobbled_deepslate":5,"minecraft:andesite":20,"minecraft:deepslate_lapis_ore":6,"minecraft:deepslate_iron_ore":12,"minecraft:rail":101,"minecraft:packed_ice":12,"minecraft:stone":166,"minecraft:deepslate_redstone_ore":28,"minecraft:powder_snow":22,"minecraft:clay":2,"minecraft:crafting_table":16,"minecraft:short_grass":2,"minecraft:sculk_sensor":1,"minecraft:mushroom_stem":4,"minecraft:tall_grass":1,"minecraft:cobblestone":21,"minecraft:deepslate_gold_ore":21,"minecraft:sugar_cane":2,"minecraft:diorite":45,"minecraft:wall_torch":1,"minecraft:birch_planks":4,"minecraft:birch_log":24,"minecraft:ice":1,"minecraft:spruce_log":23,"minecraft:birch_leaves":4,"minecraft:coal_ore":13,"minecraft:oak_log":4,"minecraft:dirt":7,"minecraft:dripstone_block":4,"minecraft:red_mushroom_block":42,"minecraft:fern":1,"minecraft:gold_ore":1,"minecraft:oak_leaves":2,"minecraft:deepslate":67},"minecraft:used":{"minecraft:tuff_bricks":4,"minecraft:redstone":1,"minecraft:shield":24,"minecraft:cooked_salmon":6,"minecraft:torch":1,"minecraft:mutton":2,"minecraft:wooden_axe":28,"minecraft:lava_bucket":1,"minecraft:iron_axe":172,"minecraft:birch_sapling":1,"minecraft:iron_boots":2,"minecraft:diamond_chestplate":1,"minecraft:dark_oak_boat":7,"minecraft:furnace":10,"minecraft:egg":1,"minecraft:cooked_beef":1,"minecraft:cobbled_deepslate":70,"minecraft:powder_snow_bucket":8,"minecraft:iron_leggings":1,"minecraft:pointed_dripstone":2,"minecraft:cooked_mutton":18,"minecraft:water_bucket":33,"minecraft:diamond_boots":2,"minecraft:stone_pickaxe":20,"minecraft:wooden_pickaxe":68,"minecraft:birch_boat":7,"minecraft:diamond_axe":42,"minecraft:crafting_table":16,"minecraft:mushroom_stew":1,"minecraft:white_bed":3,"minecraft:dripstone_block":13,"minecraft:diamond_pickaxe":325,"minecraft:iron_pickaxe":259,"minecraft:chiseled_tuff_bricks":1,"minecraft:stone_axe":19,"minecraft:wooden_sword":16,"minecraft:cobblestone":76,"minecraft:porkchop":1,"minecraft:cooked_porkchop":11,"minecraft:bucket":43,"minecraft:diamond_leggings":1},"minecraft:dropped":{"minecraft:water_bucket":1,"minecraft:bread":5,"minecraft:wheat_seeds":2,"minecraft:diamond":8,"minecraft:dripstone_block":1,"minecraft:leather":2,"minecraft:mushroom_stew":2,"minecraft:stick":1,"minecraft:diorite":48,"minecraft:wooden_axe":3,"minecraft:iron_leggings":2,"minecraft:wooden_sword":1,"minecraft:iron_pickaxe":2,"minecraft:white_wool":8,"minecraft:bucket":1,"minecraft:gravel":3,"minecraft:stone_axe":1,"minecraft:cobbled_deepslate":49,"minecraft:bowl":3,"minecraft:tuff":19,"minecraft:birch_sapling":3,"minecraft:rotten_flesh":12,"minecraft:clay_ball":8,"minecraft:iron_boots":2,"minecraft:white_bed":1,"minecraft:shield":1,"minecraft:diamond_chestplate":1,"minecraft:diamond_pickaxe":2,"minecraft:andesite":19,"minecraft:spider_eye":2,"minecraft:birch_boat":1,"minecraft:arrow":1,"minecraft:bow":1,"minecraft:wooden_pickaxe":2},"minecraft:picked_up":{"minecraft:crafting_table":17,"minecraft:clay_ball":8,"minecraft:enchanted_book":1,"minecraft:shield":2,"minecraft:string":28,"minecraft:wooden_sword":1,"minecraft:iron_leggings":1,"minecraft:cobbled_deepslate":121,"minecraft:beef":12,"minecraft:iron_pickaxe":2,"minecraft:sugar_cane":4,"minecraft:birch_sapling":5,"minecraft:iron_boots":1,"minecraft:furnace":13,"minecraft:egg":1,"minecraft:raw_iron":77,"minecraft:stick":15,"minecraft:torch":9,"minecraft:bowl":2,"minecraft:porkchop":42,"minecraft:pointed_dripstone":2,"minecraft:diorite":55,"minecraft:redstone":125,"minecraft:diamond_chestplate":1,"minecraft:arrow":10,"minecraft:rotten_flesh":12,"minecraft:tuff_bricks":4,"minecraft:obsidian":10,"minecraft:mutton":9,"minecraft:cobblestone":171,"minecraft:white_wool":14,"minecraft:rail":107,"minecraft:birch_log":20,"minecraft:andesite":19,"minecraft:water_bucket":1,"minecraft:salmon":6,"minecraft:leather":10,"minecraft:dark_oak_boat":6,"minecraft:red_mushroom":11,"minecraft:birch_planks":42,"minecraft:mushroom_stew":3,"minecraft:tuff":19,"minecraft:oak_log":4,"minecraft:gunpowder":2,"minecraft:lapis_lazuli":32,"minecraft:dirt":2,"minecraft:name_tag":2,"minecraft:cooked_mutton":3,"minecraft:bone":14,"minecraft:bow":1,"minecraft:wheat_seeds":5,"minecraft:raw_gold":22,"minecraft:iron_ingot":7,"minecraft:cooked_porkchop":33,"minecraft:birch_boat":7,"minecraft:sweet_berries":2,"minecraft:gravel":3,"minecraft:dripstone_block":14,"minecraft:white_bed":2,"minecraft:spruce_log":22,"minecraft:dark_oak_log":14,"minecraft:spider_eye":2,"minecraft:diamond":57,"minecraft:stone_axe":1,"minecraft:granite":1,"minecraft:bread":5,"minecraft:oak_sapling":3,"minecraft:chiseled_tuff_bricks":1,"minecraft:black_wool":1,"minecraft:coal":130,"minecraft:diamond_pickaxe":1},"minecraft:killed_by":{"minecraft:player":2,"minecraft:creeper":1,"minecraft:skeleton":3},"minecraft:killed":{"minecraft:cave_spider":1,"minecraft:spider":3,"minecraft:skeleton":7,"minecraft:silverfish":1,"minecraft:pig":20,"minecraft:salmon":7,"minecraft:creeper":1,"minecraft:sheep":7,"minecraft:zombie":14,"minecraft:cow":7},"minecraft:broken":{"minecraft:iron_axe":1,"minecraft:iron_pickaxe":1},"minecraft:custom":{"minecraft:mob_kills":69,"minecraft:interact_with_crafting_table":33,"minecraft:leave_game":3,"minecraft:time_since_death":118863,"minecraft:sprint_one_cm":565178,"minecraft:walk_one_cm":169602,"minecraft:damage_blocked_by_shield":1874,"minecraft:drop":54,"minecraft:play_time":148072,"minecraft:deaths":6,"minecraft:sneak_time":5655,"minecraft:walk_under_water_one_cm":7201,"minecraft:boat_one_cm":525313,"minecraft:jump":3000,"minecraft:walk_on_water_one_cm":28223,"minecraft:total_world_time":148072,"minecraft:interact_with_furnace":89,"minecraft:sleep_in_bed":1,"minecraft:time_since_rest":46109,"minecraft:damage_taken":3897,"minecraft:damage_dealt":8987,"minecraft:player_kills":3,"minecraft:swim_one_cm":19492,"minecraft:fly_one_cm":569001,"minecraft:open_chest":37,"minecraft:crouch_one_cm":11575,"minecraft:fall_one_cm":95565}},"DataVersion":3953}